,ad_price,ad_area,ad_latitude,ad_longitude,censustract_id,ad_postalcode,ad_floornumber,ad_bathnumber,ad_haslift,ad_hasparkingspace,tama√±os
3,950,83,40.4414472,-3.7047647,2807907106.0,28003.0,0,1,0,0,1
7,850,86,40.4283706,-3.6992011,2807907073.0,28010.0,5,1,0,0,1
8,2000,97,40.4375826,-3.6235264,2807920125.0,28037.0,3,1,0,0,1
11,800,32,40.4133429,-3.7033749,2807901027.0,28012.0,1,1,1,0,1
13,2200,198,40.4034808,-3.6992263,2807902071.0,28012.0,0,2,1,1,1
22,2200,136,40.4259418,-3.7121458,2807909016.0,28008.0,2,2,1,0,1
31,900,110,40.4764693,-3.7066728,2807908081.0,28029.0,2,2,1,0,1
44,450,38,40.4383707,-3.6819116,2807904123.0,28006.0,0,1,0,0,1
45,750,48,40.4318985,-3.6493535,2807915040.0,28017.0,0,1,1,0,1
50,3432,156,40.4729064,-3.6756398,2807905101.0,28036.0,2,0,0,0,1
66,4500,150,40.4801859,-3.685648,2807908098.0,28046.0,30,4,1,0,1
67,1600,90,40.4437351,-3.7162127,2807907132.0,28003.0,0,2,0,1,1
71,2500,120,40.42155,-3.7086286,2807901003.0,28013.0,7,2,1,0,1
77,3500,139,40.4510386,-3.6879599,2807905004.0,28046.0,7,0,1,0,1
83,950,55,40.4432087,-3.7024851,2807907106.0,28003.0,5,1,1,0,1
85,1350,125,40.4851465,-3.7115632,2807908033.0,28034.0,-1,2,0,1,1
93,800,60,40.4361273,-3.6456955,2807915106.0,28027.0,0,2,0,0,1
109,2400,140,40.4313407,-3.6914452,2807907081.0,28010.0,0,2,1,0,1
110,2400,140,40.4313407,-3.6914452,2807907081.0,28010.0,0,2,1,0,1
112,525,120,40.4651631,-3.6903552,2807905070.0,28046.0,6,2,1,0,1
117,950,88,40.4428472,-3.7048647,2807907106.0,28003.0,0,2,1,0,1
120,1570,157,40.4522662,-3.5776987,2807921015.0,28042.0,2,0,1,0,1
125,2200,130,40.4510052,-3.6946284,2807906029.0,28020.0,1,0,1,0,1
127,3900,192,40.4492052,-3.6968284,2807906029.0,28020.0,1,0,1,0,1
140,900,35,40.413288,-3.7047564,2807901120.0,28012.0,8,1,1,0,1
146,1180,85,40.4613865,-3.693817,2807906065.0,28020.0,1,1,1,0,1
149,2900,189,40.424489,-3.6834052,2807904010.0,28001.0,0,2,1,0,1
154,1650,117,40.4157905,-3.6768263,2807903054.0,28009.0,0,2,1,0,1
155,1250,110,40.4721738,-3.82032,2807909072.0,28023.0,1,2,0,0,1
167,1100,81,40.4632752,-3.6885562,2807906071.0,28046.0,18,2,1,0,1
178,1000,90,40.4688883,-3.6913876,2807906075.0,28029.0,1,1,1,0,1
185,550,60,40.4420891,-3.696794,2807907110.0,28003.0,-1,1,1,0,1
186,450,35,40.4374115,-3.6695072,2807904085.0,28028.0,3,1,1,0,1
187,1400,67,40.4293446,-3.6786918,2807904114.0,28006.0,1,1,0,0,1
193,1200,81,40.4554955,-3.6931649,2807906048.0,28020.0,6,1,1,0,1
196,1525,121,40.4335613,-3.6552304,2807915036.0,28027.0,1,2,1,0,1
210,2992,136,40.4200622,-3.6943728,2807901073.0,28004.0,0,2,1,0,1
218,714,42,40.4311935,-3.7066238,2807907043.0,28015.0,3,0,1,0,1
222,1884,157,40.4347728,-3.6328819,2807920001.0,28037.0,3,1,1,0,1
230,975,108,40.4388358,-3.6228724,2807920125.0,28037.0,2,1,1,1,1
232,750,120,40.3370668,-3.7074829,2807917106.0,28021.0,1,2,0,1,1
239,1025,55,40.4612531,-3.695322,2807906070.0,28020.0,0,1,1,0,1
248,1000,70,40.4291471,-3.7144464,2807909017.0,28008.0,1,1,1,0,1
250,1450,90,40.4276066,-3.6773483,2807904020.0,28006.0,1,2,1,0,1
255,3000,190,40.4570185,-3.6937439,2807906062.0,28020.0,12,0,1,0,1
263,1300,93,40.4295929,-3.6898844,2807907081.0,28010.0,7,1,1,0,1
267,850,85,40.3978734,-3.6672238,2807913042.0,28038.0,3,2,1,0,1
278,1700,140,40.464363,-3.6639879,2807915159.0,28033.0,0,1,1,1,1
279,2900,189,40.4224676,-3.6785862,2807904017.0,28009.0,9,0,1,0,1
289,1500,93,40.4314252,-3.6750298,2807904108.0,28006.0,1,0,1,0,1
308,800,78,40.4451986,-3.6971723,2807907111.0,28003.0,1,1,0,0,1
319,2500,150,40.4218207,-3.7088665,2807901003.0,28013.0,9,1,1,0,1
330,950,80,40.4406302,-3.6742524,2807905032.0,28002.0,0,1,0,0,1
334,1100,70,40.4646999,-3.6898123,2807906072.0,28029.0,19,2,1,0,1
342,2300,120,40.4590432,-3.6910672,2807906063.0,28046.0,1,2,1,0,1
370,990,93,40.4425744,-3.7037128,2807907105.0,28003.0,1,1,1,0,1
371,975,60,40.4629264,-3.6818255,2807905077.0,28016.0,0,1,1,0,1
373,1475,107,40.4601426,-3.6872477,2807905070.0,28046.0,3,1,0,0,1
374,800,73,40.4078912,-3.67271,2807903018.0,28007.0,1,1,1,0,1
375,1100,67,40.4608426,-3.6879477,2807905070.0,28046.0,3,2,1,0,1
381,2100,85,40.427796,-3.6926981,2807907076.0,28010.0,0,2,0,0,1
398,2300,108,40.4317384,-3.6517515,2807915109.0,28027.0,0,1,0,0,1
411,1575,80,40.422609,-3.6796447,2807904014.0,28001.0,2,1,1,0,1
414,1500,70,40.4271355,-3.6847053,2807904009.0,28001.0,2,0,1,0,1
415,1500,70,40.43805,-3.6848628,2807904126.0,28006.0,2,0,1,0,1
426,2400,130,40.4647402,-3.6937473,2807906068.0,28020.0,0,1,1,0,1
429,5000,140,40.430753,-3.681071,2807904114.0,28006.0,0,1,0,0,1
430,550,68,40.4007536,-3.7552358,2807910218.0,28011.0,0,1,0,0,1
442,1500,110,40.4475018,-3.7040748,2807906023.0,28020.0,2,0,1,0,1
450,1500,110,40.4240637,-3.6787192,2807904016.0,28001.0,2,2,0,0,1
456,1100,100,40.4486827,-3.698106,2807906027.0,28020.0,0,1,1,0,1
461,850,46,40.4638014,-3.6808994,2807905075.0,28036.0,0,1,0,0,1
464,2674,106,40.4540023,-3.6942606,2807906046.0,28020.0,10,0,1,0,1
475,3000,150,40.4250963,-3.691769,2807901084.0,28004.0,3,0,1,0,1
490,4000,145,40.42537,-3.675656,2807904019.0,28009.0,1,2,1,0,1
495,1300,104,40.4471145,-3.7027812,2807906024.0,28003.0,1,2,1,0,1
498,1750,190,40.4662999,-3.6906123,2807906072.0,28046.0,3,1,1,0,1
504,2500,157,40.4172008,-3.7041355,2807901117.0,28013.0,2,1,1,0,1
512,1800,130,40.4416108,-3.6999209,2807907099.0,28003.0,6,1,1,0,1
526,2200,160,40.43585,-3.6824628,2807904126.0,28006.0,2,2,1,0,1
528,2200,160,40.4297133,-3.6841741,2807904008.0,28001.0,2,2,1,0,1
531,1095,90,40.4266356,-3.6762439,2807904028.0,28006.0,0,2,1,0,1
533,950,120,40.3718689,-3.6436911,2807918046.0,28031.0,2,1,0,1,1
534,600,78,40.4064972,-3.6695402,2807903079.0,28007.0,0,0,1,0,1
555,1750,60,40.398823,-3.670116,2807903026.0,28007.0,0,0,1,0,1
556,1750,60,40.399923,-3.672416,2807903026.0,28007.0,0,0,1,0,1
563,1250,192,40.3861911,-3.7423363,2807911086.0,28025.0,1,2,1,0,1
573,1500,82,40.4379556,-3.7008785,2807907064.0,28010.0,8,2,0,0,1
594,4095,195,40.4408054,-3.6772326,2807905013.0,28002.0,1,0,1,0,1
636,5000,180,40.4257457,-3.6880171,2807904005.0,28001.0,3,2,1,0,1
638,1450,120,40.4363742,-3.6937637,2807907087.0,28010.0,1,1,1,0,1
649,1300,99,40.4008739,-3.7149149,2807902087.0,28005.0,1,1,1,1,1
651,1400,135,40.4145873,-3.7006821,2807901069.0,28012.0,5,2,1,0,1
657,1250,120,40.4381224,-3.6176339,2807920125.0,28037.0,1,2,1,0,1
672,2200,150,40.4683386,-3.6894438,2807906076.0,28029.0,2,2,0,0,1
674,1700,100,40.4580426,-3.6878477,2807905070.0,28046.0,9,2,1,0,1
704,1100,95,40.4260836,-3.6968033,2807901084.0,28004.0,2,0,0,0,1
708,975,60,40.4413597,-3.6988173,2807907099.0,28003.0,0,1,1,0,1
724,500,34,40.4180441,-3.7027344,2807901120.0,28012.0,2,1,1,0,1
725,500,65,40.4024681,-3.6720574,2807903099.0,28007.0,0,1,1,0,1
727,650,85,40.375335,-3.6500095,2807918046.0,28031.0,0,2,0,0,1
729,900,55,40.4273447,-3.677485,2807904024.0,28001.0,-1,1,1,0,1
736,1395,130,40.4043938,-3.7039509,2807902023.0,28005.0,0,2,1,0,1
748,1200,60,40.4290218,-3.6800173,2807904009.0,28001.0,0,1,1,0,1
752,2200,145,40.4391646,-3.6883638,2807905002.0,28006.0,0,2,1,0,1
756,620,35,40.421901,-3.710777,2807901002.0,28013.0,5,1,1,0,1
763,2200,147,40.4448087,-3.7047851,2807907106.0,28003.0,4,3,1,0,1
765,1800,130,40.4412319,-3.6998417,2807907099.0,28003.0,4,2,1,0,1
768,1755,117,40.401377600000004,-3.6743055,2807903028.0,28007.0,2,1,1,0,1
772,1400,78,40.425538,-3.7150658,2807909017.0,28008.0,2,0,1,1,1
775,2895,193,40.4028725,-3.6751931,2807903099.0,28007.0,5,2,1,0,1
794,2500,188,40.4535402,-3.6965049,2807906045.0,28020.0,4,3,1,1,1
804,2550,150,40.4622972,-3.6912831,2807906065.0,28020.0,1,2,1,0,1
809,350,55,40.418945,-3.7021051,2807901117.0,28013.0,2,1,1,0,1
816,1400,128,40.4522617,-3.693816,2807906039.0,28020.0,7,2,1,0,1
819,1500,110,40.4584639,-3.6838367,2807905067.0,28036.0,1,2,1,1,1
827,1550,107,40.4609151,-3.6903037,2807905070.0,28046.0,5,1,1,0,1
838,1800,130,40.4432108,-3.6985209,2807907099.0,28003.0,4,2,1,0,1
843,1750,85,40.4543879,-3.6766032,2807905098.0,28016.0,1,2,1,0,1
844,680,55,40.4614201,-3.6734404,2807905083.0,28016.0,0,1,1,0,1
845,1200,126,40.383638,-3.7271122,2807911173.0,28025.0,0,2,0,0,1
873,2800,170,40.4453163,-3.6827949,2807905008.0,28002.0,1,2,1,0,1
881,2200,170,40.4475018,-3.7040748,2807906023.0,28020.0,6,2,1,0,1
889,700,111,40.3739222,-3.6470043,2807918046.0,28031.0,2,0,1,1,1
899,2000,185,40.442707,-3.6745348,2807905029.0,28002.0,0,2,0,0,1
905,1600,150,40.4609302,-3.6932595,2807906059.0,28020.0,4,0,1,0,1
909,2200,155,40.4390646,-3.6919638,2807905002.0,28006.0,0,2,1,0,1
921,1450,120,40.4363742,-3.6937637,2807907087.0,28010.0,1,1,1,0,1
931,900,52,40.4278461,-3.6638229,2807904055.0,28028.0,1,1,1,0,1
944,2950,170,40.415582,-3.6902959,2807903071.0,28014.0,0,1,1,0,1
976,3000,70,40.3857628,-3.7630476,2807910214.0,28044.0,0,5,1,1,1
983,1400,178,40.4095847,-3.7180003,2807902009.0,28005.0,2,2,1,0,1
984,1000,125,40.4342759,-3.6260445,2807920119.0,28037.0,1,2,1,0,1
1003,2675,180,40.415579,-3.6722264,2807903088.0,28009.0,1,0,1,0,1
1004,850,80,40.4332327,-3.7040122,2807907059.0,28015.0,0,1,1,0,1
1005,1400,95,40.4218207,-3.7088665,2807901003.0,28013.0,4,1,1,0,1
1008,1350,130,40.4535219,-3.7026152,2807906043.0,28020.0,1,2,1,1,1
1011,900,50,40.4226995,-3.7100868,2807901003.0,28013.0,5,2,1,0,1
1014,1080,108,40.467045,-3.8007457,2807909072.0,28023.0,0,0,1,0,1
1016,1160,116,40.467845,-3.8021457,2807909072.0,28023.0,2,0,1,0,1
1042,525,44,40.469476,-3.685442,2807905087.0,28036.0,6,2,1,0,1
1046,2000,150,40.4498337,-3.6947744,2807906029.0,28020.0,2,2,1,0,1
1050,1300,86,40.4342025,-3.692626,2807907082.0,28010.0,0,1,1,0,1
1058,2800,160,40.4546246,-3.6958006,2807906046.0,28020.0,11,2,1,0,1
1068,1150,60,40.421353,-3.7030374,2807901096.0,28004.0,0,1,0,0,1
1078,800,115,40.4554202,-3.7021702,2807906053.0,28020.0,1,2,0,0,1
1084,1850,130,40.4589794,-3.6914268,2807906062.0,28020.0,1,0,1,0,1
1088,2900,196,40.4575794,-3.6945268,2807906062.0,28020.0,1,0,1,0,1
1093,2500,180,40.4356609,-3.6957783,2807907085.0,28010.0,0,2,1,0,1
1099,1350,47,40.4289275,-3.6868762,2807904006.0,28001.0,6,1,1,0,1
1102,1000,80,40.442749,-3.6688675,2807905028.0,28002.0,1,1,1,0,1
1108,900,79,40.4167754,-3.7037902,2807901120.0,28013.0,0,2,0,0,1
1128,1900,120,40.4215643,-3.6794387,2807903067.0,28009.0,1,2,1,0,1
1134,1050,100,40.482225,-3.7111123,2807908034.0,28034.0,0,1,0,0,1
1136,1400,129,40.4557882,-3.694888,2807906049.0,28020.0,0,1,1,0,1
1165,3700,108,40.4253478,-3.6866019,2807904005.0,28001.0,3,2,1,0,1
1169,900,65,40.4511785,-3.6780727,2807905007.0,28002.0,1,2,1,0,1
1171,1025,50,40.4651531,-3.695422,2807906070.0,28020.0,0,1,1,0,1
1190,700,156,40.4313051,-3.674426,2807904102.0,28006.0,0,1,1,0,1
1191,250,143,40.4296114,-3.6809205,2807904114.0,28001.0,4,0,0,0,1
1195,2000,100,40.4271553,-3.6850762,2807904008.0,28001.0,0,1,1,0,1
1204,900,67,40.4475554,-3.7060815,2807906023.0,28039.0,2,1,0,0,1
1216,1000,60,40.4331803,-3.6746193,2807904099.0,28028.0,4,1,1,0,1
1249,3100,165,40.45661,-3.68789,2807905068.0,28036.0,1,0,1,0,1
1256,575,90,40.3328508,-3.7125232,2807917106.0,28021.0,2,2,0,0,1
1259,1100,75,40.4443901,-3.6985002,2807907114.0,28003.0,0,1,0,0,1
1281,3383,199,40.4451559,-3.7871039,2807909088.0,28023.0,0,0,0,0,1
1289,1400,125,40.419345,-3.7039051,2807901117.0,28013.0,2,1,1,0,1
1292,1450,100,40.4641631,-3.6900552,2807905070.0,28046.0,10,2,1,1,1
1307,525,40,40.4639631,-3.6908552,2807905070.0,28046.0,6,2,1,0,1
1312,1100,81,40.4596822,-3.6780324,2807905059.0,28016.0,7,1,1,0,1
1313,700,58,40.4595346,-3.6760816,2807905060.0,28016.0,0,1,0,0,1
1318,1400,67,40.4302885,-3.6819871,2807904114.0,28006.0,1,1,1,0,1
1324,3000,165,40.4214012,-3.677013,2807903066.0,28009.0,1,3,1,0,1
1371,1500,120,40.4344464,-3.6929614,2807907093.0,28010.0,1,2,1,0,1
1382,750,35,40.4167166,-3.7050678,2807901123.0,28013.0,5,0,1,0,1
1420,3000,120,40.393494,-3.7001284,2807902038.0,28045.0,1,0,0,0,1
1426,3300,121,40.4233666,-3.6959084,2807901079.0,28004.0,0,2,1,0,1
1427,2700,185,40.4158063,-3.691782,2807903070.0,28014.0,0,2,1,0,1
1436,2970,172,40.4523336,-3.6873701,2807905005.0,28036.0,5,1,1,0,1
1439,495,31,40.4204753,-3.7049417,2807901115.0,28004.0,9,2,1,0,1
1440,1600,80,40.4008569,-3.6979751,2807902063.0,28045.0,0,3,0,0,1
1458,1600,130,40.4235133,-3.6798617,2807904014.0,28001.0,1,2,0,0,1
1461,1400,67,40.4307446,-3.6818918,2807904114.0,28006.0,1,2,1,0,1
1463,1400,67,40.4330446,-3.6780918,2807904114.0,28006.0,1,1,1,0,1
1467,490,45,40.4314665,-3.7095407,2807907048.0,28015.0,1,2,1,0,1
1485,1450,130,40.4580705,-3.6898281,2807906063.0,28020.0,1,2,1,0,1
1493,1600,116,40.426595,-3.677739,2807904024.0,28001.0,1,2,1,0,1
1494,525,40,40.4666088,-3.6865458,2807905087.0,28036.0,6,2,1,0,1
1498,650,75,40.4047726,-3.6736135,2807903018.0,28007.0,0,1,1,0,1
1500,2100,150,40.4368652,-3.7146441,2807907018.0,28015.0,0,3,1,0,1
1507,850,58,40.4156556,-3.6985359,2807901068.0,28012.0,5,1,1,0,1
1521,1800,60,40.4371025,-3.6914967,2807907092.0,28010.0,2,2,1,0,1
1522,1100,50,40.4355025,-3.6942967,2807907092.0,28010.0,2,2,1,0,1
1523,700,40,40.4382025,-3.6912967,2807907092.0,28010.0,2,2,1,0,1
1556,2100,92,40.4293359,-3.6926143,2807907076.0,28010.0,-1,2,0,0,1
1558,1500,93,40.4318252,-3.6755298,2807904108.0,28006.0,0,1,1,0,1
1565,1578,105,40.421746,-3.7062005,2807901115.0,28004.0,3,1,1,0,1
1582,1400,67,40.4302446,-3.6808918,2807904114.0,28006.0,1,1,1,0,1
1584,850,48,40.4631014,-3.6823994,2807905075.0,28036.0,0,1,0,0,1
1606,2300,180,40.4424679,-3.7050797,2807907106.0,28003.0,0,0,1,0,1
1610,2400,118,40.4497258,-3.6874362,2807905006.0,28002.0,1,2,1,0,1
1635,2500,110,40.4212147,-3.7080801,2807901003.0,28013.0,1,2,1,0,1
1645,1350,122,40.4644441,-3.6578022,2807916035.0,28033.0,4,1,1,1,1
1688,500,60,40.4585145,-3.6744009,2807905056.0,28016.0,0,0,0,0,1
1714,1100,66,40.4213873,-3.6904329,2807904001.0,28001.0,0,1,1,0,1
1716,700,37,40.4711071,-3.6864774,2807905086.0,28036.0,0,1,1,0,1
1725,3000,197,40.4335894,-3.7157259,2807907012.0,28015.0,1,2,0,1,1
1736,3000,150,40.4322986,-3.6598512,2807915115.0,28027.0,0,2,1,1,1
1760,950,104,40.3842865,-3.7412992,2807911102.0,28025.0,2,1,1,0,1
1776,2600,180,40.4294375,-3.6931692,2807907076.0,28010.0,-1,1,1,0,1
1805,2100,120,40.4157656,-3.6743454,2807903051.0,28009.0,1,2,1,0,1
1823,3800,170,40.4297187,-3.6847741,2807904115.0,28006.0,2,1,1,0,1
1831,1100,79,40.4020432,-3.6790588,2807903014.0,28007.0,1,2,0,0,1
1832,800,107,40.4090372,-3.6310205,2807914093.0,28030.0,0,1,0,0,1
1836,1100,49,40.4229607,-3.6928232,2807901073.0,28004.0,2,1,0,0,1
1838,3000,150,40.4597972,-3.6947831,2807906065.0,28020.0,1,2,1,0,1
1840,1150,149,40.4398112,-3.6232842,2807920125.0,28037.0,3,2,1,0,1
1862,5500,192,40.4455018,-3.7056748,2807906023.0,28020.0,10,0,1,0,1
1863,5705,194,40.4320266,-3.7015396,2807907057.0,28010.0,6,0,1,0,1
1866,905,190,40.38044,-3.72713,2807911168.0,28025.0,-1,2,0,0,1
1871,650,79,40.4061726,-3.6744135,2807903018.0,28007.0,0,1,1,0,1
1880,3000,150,40.4618972,-3.6951831,2807906065.0,28020.0,1,0,0,0,1
1883,1550,178,40.4341308,-3.6516179,2807915111.0,28027.0,1,2,0,0,1
1916,1800,115,40.4212694,-3.7022911,2807901095.0,28004.0,1,2,0,0,1
1917,1500,160,40.453563,-3.7016686,2807906053.0,28020.0,1,0,0,0,1
1939,1737,120,40.4327793,-3.6279455,2807920119.0,28037.0,0,1,1,0,1
1940,1737,110,40.4327793,-3.6279455,2807920119.0,28037.0,0,1,1,0,1
1941,1378,75,40.4327793,-3.6279455,2807920119.0,28037.0,0,1,1,0,1
1942,386,50,40.4327793,-3.6279455,2807920119.0,28037.0,0,1,1,0,1
1946,1198,60,40.4327793,-3.6279455,2807920119.0,28037.0,0,1,1,0,1
1947,547,60,40.4327793,-3.6279455,2807920119.0,28037.0,0,1,1,0,1
1960,1350,95,40.4584376,-3.6866103,2807905067.0,28036.0,2,1,1,0,1
1971,1600,100,40.4406801,-3.6783863,2807905012.0,28002.0,0,1,1,0,1
1973,5116,192,40.4482018,-3.7037748,2807906023.0,28020.0,10,0,1,0,1
2002,1800,132,40.4415672,-3.7122167,2807907125.0,28003.0,1,1,1,0,1
2004,800,57,40.4355136,-3.698629,2807907086.0,28010.0,2,1,1,0,1
2031,4700,188,40.4305572,-3.6789116,2807904114.0,28001.0,6,0,1,0,1
2037,2200,150,40.4392646,-3.6909638,2807905002.0,28006.0,0,2,1,0,1
2051,1600,126,40.4498617,-3.694916,2807906039.0,28020.0,5,2,1,0,1
2057,2057,121,40.4489192,-3.6972607,2807906028.0,28020.0,2,0,0,0,1
2066,1350,136,40.4283447,-3.6726346,2807904030.0,28006.0,0,0,1,0,1
2082,4850,194,40.4298266,-3.7019396,2807907057.0,28010.0,6,0,1,0,1
2113,1940,194,40.4501662,-3.5786987,2807921015.0,28042.0,5,0,1,1,1
2118,2400,165,40.4230121,-3.710607,2807901002.0,28013.0,8,1,1,0,1
2130,1570,157,40.4489662,-3.5757987,2807921015.0,28042.0,2,0,1,1,1
2131,1325,129,40.4512662,-3.5759987,2807921015.0,28042.0,0,0,1,0,1
2147,5654,110,40.4505655,-3.6917622,2807906029.0,28046.0,0,1,1,0,1
2162,1900,130,40.4459867,-3.649286,2807915143.0,28027.0,1,3,0,1,1
2188,1599,100,40.4491867,-3.650286,2807915143.0,28027.0,1,3,0,1,1
2199,1550,85,40.4280734,-3.6858385,2807904117.0,28001.0,0,1,0,0,1
2208,2800,180,40.3969931,-3.6971967,2807902059.0,28045.0,0,1,1,0,1
2223,1400,60,40.4482613,-3.6877456,2807905003.0,28036.0,3,1,1,0,1
2233,900,109,40.4063763,-3.6788435,2807903009.0,28007.0,0,1,1,0,1
2250,2100,125,40.4392328,-3.6820381,2807905001.0,28006.0,0,2,0,0,1
2251,1850,132,40.4594794,-3.6945268,2807906062.0,28020.0,1,0,0,0,1
2263,800,155,40.3939729,-3.7097769,2807911005.0,28019.0,1,2,0,0,1
2282,1950,190,40.4385903,-3.6217716,2807920002.0,28037.0,1,2,1,0,1
2337,300,120,40.4375418,-3.6865269,2807904130.0,28006.0,3,2,1,0,1
2341,2500,148,40.4220207,-3.7080665,2807901003.0,28013.0,3,0,1,0,1
2342,300,120,40.4304725,-3.6843242,2807904115.0,28006.0,0,2,1,0,1
2343,1500,120,40.4352464,-3.6918614,2807907093.0,28010.0,1,2,1,0,1
2347,1200,105,40.3817632,-3.6315693,2807913128.0,28031.0,3,3,1,0,1
2365,2400,118,40.4495258,-3.6844362,2807905006.0,28002.0,1,2,1,0,1
2380,950,56,40.4438087,-3.7037851,2807907106.0,28003.0,5,1,1,0,1
2386,1200,70,40.4219658,-3.7105668,2807901112.0,28015.0,5,1,0,0,1
2389,950,93,40.4398684,-3.6229431,2807920125.0,28037.0,2,0,0,0,1
2394,1000,74,40.4680598,-3.6918289,2807906072.0,28046.0,6,1,1,1,1
2396,2350,164,40.4190391,-3.6757533,2807903057.0,28009.0,1,2,1,0,1
2399,1850,132,40.456691,-3.6936742,2807906062.0,28020.0,1,0,1,0,1
2410,3180,159,40.4173928,-3.6997343,2807901119.0,28014.0,12,2,1,0,1
2421,5070,195,40.4413779,-3.6799399,2807905013.0,28002.0,7,2,1,0,1
2423,3060,170,40.4487018,-3.7024748,2807906023.0,28020.0,7,2,1,0,1
2424,3200,160,40.4472018,-3.7028748,2807906023.0,28020.0,9,4,1,0,1
2427,3800,127,40.4297187,-3.6824741,2807904115.0,28006.0,2,1,1,1,1
2429,5070,195,40.4404779,-3.6801399,2807905013.0,28002.0,1,2,1,0,1
2430,1225,58,40.4624531,-3.692522,2807906070.0,28020.0,0,1,1,0,1
2432,5706,195,40.4306266,-3.6980396,2807907057.0,28010.0,6,2,1,0,1
2433,2800,185,40.43042,-3.696332,2807907078.0,28010.0,1,2,1,0,1
2434,850,90,40.4360822,-3.6245983,2807920125.0,28037.0,0,2,0,1,1
2435,5600,190,40.4375245,-3.6809531,2807905001.0,28006.0,4,2,0,1,1
2440,1900,168,40.4310979,-3.7151421,2807901107.0,28015.0,1,2,1,0,1
2441,2100,92,40.4296359,-3.6932143,2807907076.0,28010.0,-1,2,0,0,1
2443,1024,84,40.4089629,-3.6781457,2807903078.0,28007.0,1,1,1,0,1
2444,2200,146,40.425367,-3.6844308,2807904010.0,28001.0,5,2,1,0,1
2449,1962,109,40.4571724,-3.6907366,2807906063.0,28020.0,2,1,1,0,1
2452,2500,90,40.4204506,-3.6818864,2807904013.0,28001.0,1,1,1,0,1
2457,1400,107,40.4549219,-3.7016152,2807906043.0,28020.0,1,2,1,1,1
2459,1650,130,40.4813995,-3.6670662,2807915165.0,28033.0,1,2,1,0,1
2460,2000,150,40.4631764,-3.6917299,2807906071.0,28046.0,0,1,0,0,1
2462,2200,125,40.469342,-3.6852233,2807905087.0,28036.0,1,3,1,1,1
2463,3250,108,40.4209207,-3.7088665,2807901003.0,28013.0,7,1,1,0,1
2465,1600,95,40.4655506,-3.687426,2807905087.0,28036.0,-1,1,1,0,1
2466,2895,50,40.45366,-3.6922909,2807906046.0,28020.0,1,2,1,0,1
2467,4500,143,40.4160897,-3.7035497,2807901124.0,28013.0,1,1,1,0,1
2468,2100,110,40.4422268,-3.6985854,2807907108.0,28003.0,6,1,1,1,1
2485,3488,109,40.4299438,-3.694172,2807907078.0,28010.0,1,2,0,0,1
2486,2900,150,40.4447388,-3.6797111,2807905043.0,28002.0,0,2,1,0,1
2487,1100,56,40.4649531,-3.691522,2807906070.0,28020.0,0,1,1,0,1
2488,1100,58,40.4640531,-3.692222,2807906070.0,28020.0,0,1,1,0,1
2489,1200,54,40.4639531,-3.695422,2807906070.0,28020.0,0,1,1,0,1
2490,1200,56,40.4628531,-3.693022,2807906070.0,28020.0,0,1,1,0,1
2501,1400,92,40.4212207,-3.7072665,2807901003.0,28013.0,7,1,1,0,1
2502,2200,130,40.4278087,-3.6963518,2807901088.0,28004.0,0,1,1,0,1
2504,3000,150,40.4323837,-3.6875114,2807904116.0,28006.0,1,3,1,0,1
2505,3800,158,40.4183846,-3.6923498,2807903069.0,28014.0,0,3,0,0,1
2508,2200,117,40.4296242,-3.6903028,2807907081.0,28010.0,0,2,1,0,1
2519,3001,165,40.4218145,-3.6765019,2807904017.0,28009.0,1,0,1,0,1
2559,1300,55,40.4169626,-3.6894355,2807903069.0,28014.0,-1,2,1,0,1
2568,1700,144,40.4420919,-3.681439,2807905011.0,28002.0,0,2,1,0,1
2574,2900,150,40.4412388,-3.6789111,2807905043.0,28002.0,1,0,1,0,1
2582,2400,165,40.4332374,-3.702126,2807907060.0,28015.0,6,0,1,0,1
2601,2600,180,40.4321254,-3.6776968,2807904120.0,28006.0,8,0,1,0,1
2624,1350,150,40.4741196,-3.6302113,2807916096.0,28033.0,3,2,1,0,1
2629,1400,42,40.4340162,-3.704915,2807907043.0,28015.0,-1,2,1,0,1
2671,4850,194,40.4303266,-3.6989396,2807907057.0,28010.0,6,0,1,0,1
2674,1250,170,40.4483192,-3.6957607,2807906028.0,28020.0,2,2,1,0,1
2678,1380,138,40.466645,-3.8002457,2807909072.0,28023.0,2,0,1,0,1
2679,2300,130,40.4485779,-3.6953332,2807906029.0,28020.0,2,0,1,0,1
2680,4500,150,40.4790859,-3.686848,2807908098.0,28046.0,30,0,1,0,1
2689,1700,102,40.4619252,-3.6886007,2807905072.0,28036.0,3,1,1,0,1
2702,4850,197,40.4322266,-3.7010396,2807907057.0,28010.0,6,2,1,0,1
2709,2900,150,40.4433388,-3.6774111,2807905043.0,28002.0,0,2,1,0,1
2727,1875,156,40.4614804,-3.6807604,2807905075.0,28036.0,0,3,1,0,1
2754,1300,95,40.4049041,-3.6976282,2807902073.0,28012.0,1,1,1,1,1
2757,3500,79,40.4218207,-3.7088665,2807901003.0,28013.0,7,1,1,0,1
2763,3500,195,40.4210145,-3.6778019,2807904017.0,28009.0,1,0,1,0,1
2764,1156,115,40.3660191,-3.6552046,2807918046.0,28053.0,8,2,1,0,1
2770,1100,98,40.4021482,-3.6953333,2807902070.0,28045.0,1,1,1,0,1
2771,2500,117,40.4242074,-3.6944582,2807901073.0,28004.0,2,2,1,0,1
2803,2398,120,40.4770393,-3.6363541,2807916096.0,28033.0,0,2,1,0,1
2809,1860,100,40.4770393,-3.6363541,2807916096.0,28033.0,0,2,1,0,1
2810,1227,75,40.4770393,-3.6363541,2807916096.0,28033.0,0,2,1,0,1
2812,981,60,40.4770393,-3.6363541,2807916096.0,28033.0,0,2,1,0,1
2813,500,50,40.4770393,-3.6363541,2807916096.0,28033.0,0,2,1,0,1
2816,415,50,40.3937425,-3.7712344,2807910132.0,28024.0,0,2,1,0,1
2821,2400,143,40.4338374,-3.703926,2807907060.0,28015.0,6,1,1,0,1
2824,736,60,40.4770393,-3.6363541,2807916096.0,28033.0,0,2,1,0,1
2830,2490,166,40.4254418,-3.7144458,2807909016.0,28008.0,3,0,0,0,1
2837,450,33,40.4167284,-3.7049068,2807901121.0,28013.0,1,2,0,0,1
2840,3500,170,40.4452935,-3.691766,2807905003.0,28046.0,1,0,0,0,1
2859,700,40,40.4216255,-3.6758565,2807904017.0,28009.0,4,2,1,0,1
2871,1600,116,40.428495,-3.675639,2807904024.0,28001.0,1,2,1,0,1
2874,500,31,40.4570185,-3.6937439,2807906062.0,28020.0,11,2,1,0,1
2885,3500,128,40.506359,-3.6563234,2807916114.0,28050.0,2,1,1,0,1
2893,2000,125,40.4599426,-3.6884477,2807905070.0,28046.0,1,3,0,0,1
2898,2300,120,40.4391707,-3.700165,2807907102.0,28003.0,3,0,1,0,1
2902,2700,180,40.4140063,-3.693482,2807903070.0,28014.0,1,0,1,0,1
2912,5292,196,40.4229995,-3.684237,2807904012.0,28001.0,4,2,1,0,1
2915,1300,50,40.4577432,-3.6840268,2807905066.0,28036.0,1,1,1,0,1
2917,750,84,40.4413654,-3.6737163,2807905032.0,28002.0,1,1,1,0,1
2919,1700,140,40.4362293,-3.6739363,2807904094.0,28028.0,0,2,1,0,1
2931,1000,90,40.4351939,-3.7003236,2807907065.0,28010.0,0,1,1,0,1
2932,1950,155,40.4492935,-3.7133491,2807909037.0,28040.0,1,2,1,0,1
2954,1950,155,40.4484907,-3.7117176,2807909037.0,28040.0,1,2,1,0,1
2955,1275,151,40.4719395,-3.8216055,2807909072.0,28023.0,0,1,1,0,1
2968,3000,150,40.4596987,-3.694672,2807906065.0,28020.0,1,2,1,0,1
2983,2976,186,40.4059152,-3.6709491,2807903019.0,28007.0,0,0,0,0,1
3009,3800,140,40.4127547,-3.6773325,2807903085.0,28009.0,2,0,1,0,1
3021,1250,50,40.4216955,-3.7085414,2807901112.0,28015.0,1,0,1,0,1
3045,3000,150,40.4615972,-3.6923831,2807906065.0,28020.0,1,2,1,0,1
3051,4315,120,40.4215582,-3.6846883,2807904003.0,28001.0,0,1,1,0,1
3052,3456,110,40.4254758,-3.6838764,2807904010.0,28001.0,0,1,1,0,1
3053,2275,75,40.4215582,-3.6846883,2807904003.0,28001.0,0,1,1,0,1
3055,1671,60,40.4215582,-3.6846883,2807904003.0,28001.0,0,1,1,0,1
3057,3500,180,40.4495081,-3.6878136,2807905003.0,28036.0,2,0,0,0,1
3061,462,50,40.4215582,-3.6846883,2807904003.0,28001.0,0,1,1,0,1
3075,875,62,40.4329174,-3.672561,2807904067.0,28028.0,1,3,1,0,1
3099,3000,150,40.4628972,-3.6951831,2807906065.0,28020.0,1,2,0,0,1
3111,1550,140,40.4369252,-3.6819386,2807904126.0,28006.0,1,2,1,0,1
3112,1650,146,40.4581523,-3.6912304,2807906062.0,28020.0,1,3,1,1,1
3114,2900,150,40.4418388,-3.6790111,2807905043.0,28002.0,1,2,1,0,1
3121,1580,158,40.4152109,-3.6955375,2807901071.0,28014.0,1,0,1,0,1
3137,780,55,40.4559229,-3.7111409,2807906010.0,28039.0,0,1,0,0,1
3157,2000,183,40.4320341,-3.6313306,2807920001.0,28037.0,0,0,0,0,1
3181,1400,100,40.4495551,-3.6968069,2807906028.0,28020.0,2,1,1,0,1
3182,1600,120,40.4302209,-3.7168459,2807909022.0,28008.0,0,1,1,0,1
3194,2000,110,40.4161442,-3.6931034,2807901072.0,28014.0,0,0,1,0,1
3200,1528,191,40.4365903,-3.6203716,2807920002.0,28037.0,2,2,1,0,1
3211,1100,38,40.4238916,-3.711324,2807901108.0,28015.0,2,1,1,0,1
3231,1200,51,40.4584376,-3.6866103,2807905067.0,28036.0,1,0,1,0,1
3253,1150,140,40.4313388,-3.7323939,2807909008.0,28008.0,0,2,1,0,1
3284,2500,130,40.4173373,-3.7033435,2807901124.0,28013.0,5,2,1,0,1
3287,962,50,40.4215582,-3.6846883,2807904003.0,28001.0,0,1,1,0,1
3288,1355,60,40.4215582,-3.6846883,2807904003.0,28001.0,0,1,1,0,1
3295,900,36,40.4584376,-3.6866103,2807905067.0,28036.0,1,0,1,0,1
3296,2000,130,40.4581432,-3.6907672,2807906063.0,28046.0,1,1,1,0,1
3297,950,171,40.480453,-3.7154562,2807908028.0,28034.0,1,1,1,0,1
3304,1750,122,40.4457771,-3.701344,2807907117.0,28003.0,1,1,1,0,1
3308,2300,176,40.4609098,-3.6772646,2807905078.0,28016.0,1,2,1,0,1
3315,1000,90,40.4287807,-3.6647145,2807904062.0,28028.0,-1,2,0,0,1
3321,2300,159,40.4420976,-3.6781305,2807905043.0,28002.0,6,2,1,0,1
3324,1700,133,40.4323812,-3.6328548,2807920100.0,28037.0,1,3,1,1,1
3346,1112,139,40.4514166,-3.5810687,2807921015.0,28042.0,0,0,0,0,1
3347,1890,194,40.3788964,-3.6280068,2807918005.0,28031.0,0,0,0,0,1
3351,1600,87,40.4690506,-3.684726,2807905087.0,28036.0,0,2,1,0,1
3357,950,62,40.4285593,-3.6994009,2807907072.0,28010.0,0,1,1,0,1
3358,495,54,40.3973717,-3.7168456,2807911049.0,28019.0,1,2,1,0,1
3366,1300,158,40.4369563,-3.6687106,2807904086.0,28028.0,1,2,1,0,1
3375,3000,150,40.4593972,-3.6924831,2807906065.0,28020.0,1,2,1,0,1
3380,2420,121,40.4483192,-3.6957607,2807906028.0,28020.0,2,2,1,0,1
3400,4850,194,40.4307266,-3.6993396,2807907057.0,28010.0,6,0,1,0,1
3427,2800,196,40.4574794,-3.6943268,2807906062.0,28020.0,1,2,1,0,1
3436,4856,194,40.4304264,-3.6994114,2807907057.0,28010.0,6,0,1,0,1
3466,3000,150,40.4321837,-3.6867114,2807904116.0,28006.0,1,1,1,0,1
3467,1800,120,40.4304209,-3.7161459,2807909022.0,28008.0,1,1,1,0,1
3478,1100,90,40.4645598,-3.6894289,2807906072.0,28046.0,19,2,1,0,1
3510,1020,64,40.3984886,-3.696465,2807902041.0,28045.0,0,1,1,1,1
3512,1250,130,40.4368115,-3.6681072,2807904085.0,28028.0,1,1,1,0,1
3518,1200,65,40.4601016,-3.68417,2807905074.0,28036.0,0,5,0,0,1
3519,1300,75,40.4601016,-3.68417,2807905074.0,28036.0,-1,5,0,0,1
3520,1350,72,40.4601016,-3.68417,2807905074.0,28036.0,1,5,0,0,1
3530,1500,72,40.4601016,-3.68417,2807905074.0,28036.0,0,5,0,0,1
3538,1000,77,40.4239848,-3.7024146,2807901094.0,28004.0,1,1,0,0,1
3544,600,60,40.3983554,-3.6982335,2807902060.0,28045.0,0,1,0,0,1
3547,1450,181,40.37194,-3.6433856,2807918046.0,28031.0,3,2,1,0,1
3552,1550,110,40.505284,-3.6963341,2807908165.0,28049.0,0,1,0,0,1
3580,816,51,40.4308935,-3.7047238,2807907043.0,28015.0,4,0,1,0,1
3635,750,67,40.4390224,-3.6186339,2807920125.0,28037.0,1,2,1,1,1
3651,1800,68,40.4299929,-3.7023927,2807907053.0,28010.0,7,1,1,0,1
3680,3000,180,40.4146922,-3.6908188,2807903070.0,28014.0,1,0,1,0,1
3730,2200,150,40.423367,-3.6836308,2807904010.0,28001.0,5,2,1,0,1
3747,3500,155,40.507659,-3.6569234,2807916114.0,28050.0,2,1,1,1,1
3766,700,45,40.4075732,-3.7558056,2807910074.0,28011.0,1,1,1,0,1
3782,2600,150,40.4263677,-3.7079176,2807901100.0,28004.0,1,0,1,0,1
3788,2000,140,40.4220255,-3.6790565,2807904017.0,28009.0,1,2,1,0,1
3792,948,79,40.4356728,-3.6347819,2807920001.0,28037.0,1,0,0,0,1
3793,1884,157,40.4373728,-3.6331819,2807920001.0,28037.0,3,0,0,0,1
3800,2992,136,40.42045,-3.6910418,2807901073.0,28004.0,0,1,1,0,1
3803,4850,194,40.4321266,-3.7016396,2807907057.0,28010.0,6,0,1,0,1
3808,750,55,40.431774,-3.6669153,2807904064.0,28028.0,1,1,1,0,1
3855,450,46,40.4386162,-3.6287106,2807920119.0,28037.0,1,2,1,0,1
3856,750,47,40.4195066,-3.7042094,2807901117.0,28013.0,4,0,1,0,1
3861,4850,194,40.4326266,-3.6980396,2807907057.0,28010.0,6,1,1,0,1
3864,1400,115,40.4516632,-3.7009905,2807906042.0,28020.0,4,2,1,0,1
3865,600,40,40.4188066,-3.7058094,2807901117.0,28013.0,5,0,1,0,1
3874,1400,110,40.4714411,-3.8207152,2807909072.0,28023.0,0,1,1,1,1
3884,2650,150,40.4638531,-3.6846863,2807905075.0,28036.0,0,1,1,0,1
3896,1300,120,40.4359563,-3.6681106,2807904086.0,28028.0,2,3,1,0,1
3914,1600,120,40.4296808,-3.7191947,2807909022.0,28008.0,1,1,1,0,1
3916,3488,135,40.4299438,-3.692872,2807907078.0,28010.0,1,2,1,0,1
3935,3900,196,40.4220049,-3.6913018,2807901073.0,28004.0,2,0,0,0,1
3961,3000,125,40.4307438,-3.691572,2807907078.0,28010.0,1,1,1,0,1
3964,550,195,40.4651337,-3.703129,2807906094.0,28039.0,0,2,0,0,1
3981,2304,128,40.4487779,-3.6942332,2807906029.0,28020.0,2,0,1,0,1
3986,2700,185,40.4378873,-3.6893786,2807905002.0,28006.0,1,2,1,0,1
3991,1014,101,40.4505365,-3.5769515,2807921015.0,28042.0,0,0,0,0,1
4019,850,75,40.4394582,-3.6228103,2807920125.0,28037.0,0,2,1,0,1
4033,850,85,40.3960025,-3.6696629,2807913042.0,28053.0,3,2,1,0,1
4036,1100,80,40.4246658,-3.7100668,2807901112.0,28015.0,2,1,0,0,1
4037,750,63,40.4243658,-3.7097668,2807901112.0,28015.0,6,1,1,0,1
4038,900,60,40.4255658,-3.7087668,2807901112.0,28015.0,3,1,0,0,1
4039,850,60,40.4660598,-3.6902289,2807906072.0,28046.0,3,1,1,0,1
4056,1450,90,40.4257895,-3.6765976,2807904030.0,28006.0,1,2,1,0,1
4058,1950,199,40.4561265,-3.6899062,2807906063.0,28020.0,1,2,0,0,1
4078,1250,88,40.437857,-3.706434,2807907122.0,28003.0,0,1,1,0,1
4103,3500,143,40.4517386,-3.6898599,2807905004.0,28046.0,11,2,1,0,1
4127,800,60,40.4271881,-3.6939047,2807907075.0,28010.0,0,1,1,0,1
4180,1360,80,40.4380077,-3.6942185,2807907092.0,28003.0,4,6,1,0,1
4203,850,70,40.4380077,-3.6942185,2807907092.0,28003.0,4,6,1,0,1
4204,890,51,40.4510029,-3.6953952,2807906039.0,28020.0,3,1,1,0,1
4211,900,100,40.4417537,-3.6976264,2807907111.0,28003.0,0,2,0,0,1
4227,900,140,40.4253079,-3.6790456,2807904014.0,28001.0,3,2,1,0,1
4234,2285,120,40.4361433,-3.6657857,2807904085.0,28028.0,0,0,1,0,1
4235,2218,110,40.4361433,-3.6657857,2807904085.0,28028.0,0,0,1,0,1
4236,1699,60,40.4361433,-3.6657857,2807904085.0,28028.0,0,0,1,0,1
4237,1113,60,40.4361433,-3.6657857,2807904085.0,28028.0,0,0,1,0,1
4238,773,50,40.4361433,-3.6657857,2807904085.0,28028.0,0,0,1,0,1
4239,2218,75,40.4361433,-3.6657857,2807904085.0,28028.0,0,0,1,0,1
4240,500,50,40.4361433,-3.6657857,2807904085.0,28028.0,0,0,1,0,1
4251,850,120,40.4428113,-3.6957595,2807907111.0,28003.0,0,1,1,0,1
4254,3000,150,40.4608738,-3.6949331,2807906066.0,28020.0,1,2,1,0,1
4257,3186,177,40.4575768,-3.6865656,2807905067.0,28036.0,1,0,0,0,1
4317,1500,170,40.4848374,-3.7016434,2807908044.0,28034.0,0,2,0,1,1
4321,1900,70,40.4323869,-3.7032569,2807907053.0,28010.0,7,1,1,0,1
4327,1950,110,40.5148652,-3.6741458,2807908174.0,28050.0,2,2,1,0,1
4330,1190,103,40.4075588,-3.6767732,2807903078.0,28009.0,0,1,1,0,1
4374,1600,65,40.4292968,-3.6859564,2807904116.0,28006.0,2,1,1,0,1
4375,2500,120,40.421001,-3.711477,2807901002.0,28013.0,9,1,1,0,1
4430,2992,136,40.4199622,-3.6939728,2807901073.0,28004.0,0,0,1,0,1
4435,2500,80,40.423401,-3.711777,2807901002.0,28013.0,9,1,1,0,1
4453,3300,180,40.4080151,-3.6777617,2807903017.0,28007.0,0,1,1,0,1
4464,2100,160,40.4370671,-3.6840406,2807905001.0,28006.0,0,2,1,1,1
4486,1950,148,40.4590784,-3.6974964,2807906060.0,28020.0,0,2,1,0,1
4491,1150,75,40.4322963,-3.6754744,2807904111.0,28006.0,0,0,1,0,1
4492,1326,83,40.4229825,-3.699076,2807901076.0,28004.0,1,1,1,0,1
4504,440,35,40.4289725,-3.6861242,2807904115.0,28006.0,1,4,1,0,1
4509,1750,122,40.4465771,-3.702344,2807907117.0,28003.0,1,1,1,0,1
4512,425,45,40.3973717,-3.7168456,2807911049.0,28019.0,1,2,1,0,1
4524,1800,125,40.4329633,-3.6724988,2807904067.0,28028.0,1,2,1,0,1
4530,2000,150,40.4308822,-3.6632856,2807904060.0,28028.0,0,2,1,0,1
4531,2992,136,40.4225622,-3.6917728,2807901073.0,28004.0,1,2,1,0,1
4533,3000,180,40.4414123,-3.6901318,2807905002.0,28006.0,7,2,1,0,1
4535,1360,129,40.4688862,-3.6881174,2807905087.0,28036.0,0,1,1,0,1
4551,2600,157,40.4168838,-3.7015199,2807901119.0,28012.0,0,0,0,0,1
4557,2237,188,40.4490426,-3.7142143,2807909037.0,28040.0,3,0,0,0,1
4560,3500,95,40.4253458,-3.7139453,2807901108.0,28008.0,0,0,0,0,1
4569,2100,85,40.448191,-3.6948848,2807906029.0,28003.0,5,4,1,0,1
4611,2106,162,40.469045,-3.7997457,2807909072.0,28023.0,1,2,1,1,1
4647,1000,123,40.3729041,-3.6466991,2807918046.0,28031.0,1,1,0,0,1
4649,950,123,40.3709657,-3.6502574,2807918046.0,28031.0,1,0,0,0,1
4667,3500,130,40.507259,-3.6567234,2807916114.0,28050.0,2,0,1,1,1
4684,1000,55,40.4390771,-3.6822315,2807904126.0,28006.0,0,1,1,0,1
4689,1400,43,40.4272275,-3.6891762,2807904006.0,28001.0,6,0,1,0,1
4737,3390,117,40.4576142,-3.6724084,2807905057.0,28016.0,0,2,0,0,1
4738,4420,158,40.4312716,-3.7184082,2807909024.0,28008.0,0,1,0,0,1
4747,550,60,40.434083,-3.6846265,2807904118.0,28006.0,-1,1,0,0,1
4763,1400,100,40.4084569,-3.6877172,2807903073.0,28014.0,1,3,1,0,1
4772,1190,73,40.4386983,-3.6823194,2807904128.0,28006.0,0,1,1,0,1
4773,1100,81,40.4318273,-3.6732969,2807904107.0,28006.0,0,1,1,0,1
4782,2500,178,40.4148745,-3.7052131,2807901120.0,28012.0,1,1,0,0,1
4783,4095,195,40.4403779,-3.6795399,2807905013.0,28002.0,1,2,1,0,1
4793,1200,126,40.4360747,-3.6230785,2807920125.0,28037.0,3,1,1,1,1
4800,399,35,40.4194715,-3.7047954,2807901117.0,28013.0,4,2,1,0,1
4803,2800,190,40.4287046,-3.6918415,2807907081.0,28010.0,2,2,0,0,1
4822,2725,157,40.4355728,-3.6329819,2807920001.0,28037.0,3,2,1,1,1
4830,1450,100,40.4581768,-3.6845656,2807905067.0,28036.0,4,2,1,0,1
4833,1300,55,40.4182626,-3.6920355,2807903069.0,28014.0,-1,2,1,0,1
4838,1100,84,40.4091629,-3.6771457,2807903078.0,28007.0,1,1,0,0,1
4845,1800,79,40.4234243,-3.6946516,2807901073.0,28004.0,2,1,1,0,1
4855,1350,151,40.4408189,-3.6236105,2807920125.0,28037.0,3,1,1,1,1
4869,1100,84,40.4057629,-3.6778457,2807903078.0,28007.0,1,1,1,0,1
4892,2000,150,40.4356609,-3.6952783,2807907085.0,28010.0,4,2,1,0,1
4893,2500,180,40.4332609,-3.6969783,2807907085.0,28010.0,0,2,1,0,1
4897,2100,160,40.4365795,-3.6817343,2807905001.0,28006.0,0,1,1,1,1
4968,1000,62,40.4229394,-3.7111903,2807901002.0,28013.0,0,1,0,0,1
4969,3000,150,40.4624972,-3.6913831,2807906065.0,28020.0,1,0,1,0,1
4971,3000,162,40.4595972,-3.6927831,2807906065.0,28020.0,1,2,1,0,1
4973,2800,134,40.4205761,-3.6992207,2807901076.0,28004.0,0,1,1,0,1
4995,3000,150,40.4607972,-3.6945831,2807906065.0,28020.0,1,2,1,0,1
5008,1800,176,40.46168,-3.6820928,2807905074.0,28036.0,0,2,1,0,1
5024,800,52,40.420099,-3.6772617,2807903058.0,28009.0,0,1,1,0,1
5048,1450,181,40.37384,-3.6422856,2807918046.0,28031.0,0,0,0,0,1
5051,2500,156,40.4177484,-3.6752672,2807903051.0,28009.0,1,1,1,0,1
5059,800,90,40.4410118,-3.6253656,2807920125.0,28037.0,3,1,1,1,1
5095,1200,65,40.5138541,-3.673495,2807908174.0,28050.0,2,3,1,0,1
5100,1300,140,40.4585933,-3.6972286,2807906057.0,28020.0,1,6,1,0,1
5101,450,35,40.4639269,-3.6933562,2807906069.0,28020.0,1,6,1,0,1
5103,775,37,40.4639269,-3.6933562,2807906069.0,28020.0,1,6,1,0,1
5112,1100,76,40.4305992,-3.7171333,2807909023.0,28008.0,1,1,1,0,1
5113,2950,163,40.4525386,-3.6914599,2807905004.0,28046.0,10,0,1,0,1
5122,1500,150,40.454563,-3.6979686,2807906053.0,28020.0,1,1,1,0,1
5130,2800,170,40.4253445,-3.7108594,2807901112.0,28015.0,2,0,0,0,1
5133,950,69,40.4038808,-3.6958007,2807902070.0,28045.0,0,1,0,0,1
5148,912,152,40.3596091,-3.6821325,2807917112.0,28021.0,2,2,1,0,1
5151,900,70,40.4030808,-3.6925007,2807902070.0,28045.0,0,1,0,0,1
5161,3648,192,40.4470343,-3.6961244,2807906028.0,28020.0,6,2,1,0,1
5178,2800,196,40.4572794,-3.6920268,2807906062.0,28020.0,1,0,1,0,1
5196,900,85,40.4862482,-3.6711585,2807916106.0,28050.0,0,1,1,1,1
5197,3000,150,40.4609972,-3.6932831,2807906065.0,28020.0,1,2,1,0,1
5198,1450,115,40.4515492,-3.7002705,2807906041.0,28020.0,4,0,1,0,1
5281,3500,180,40.4177078,-3.7032362,2807901119.0,28013.0,2,2,1,0,1
5283,3500,145,40.4517386,-3.6898599,2807905004.0,28046.0,15,1,1,0,1
5286,1700,160,40.4065707,-3.6858772,2807903073.0,28014.0,1,3,1,0,1
5309,1035,115,40.3649406,-3.6508598,2807918046.0,28053.0,1,2,1,0,1
5328,600,45,40.3975048,-3.7099554,2807911002.0,28019.0,3,1,1,0,1
5344,1300,120,40.4385563,-3.6682106,2807904086.0,28028.0,1,3,1,0,1
5356,2862,159,40.4179928,-3.6996343,2807901119.0,28014.0,0,0,0,0,1
5368,850,65,40.4372636,-3.7193529,2807907021.0,28015.0,2,2,1,0,1
5385,2200,180,40.4433108,-3.6972209,2807907099.0,28003.0,3,2,1,0,1
5386,1700,110,40.4404958,-3.6991419,2807907099.0,28003.0,5,2,1,0,1
5393,475,40,40.485765,-3.7097121,2807908033.0,28034.0,-1,1,0,0,1
5396,2539,115,40.3944857,-3.6738021,2807902083.0,28045.0,7,0,1,0,1
5401,550,48,40.4021762,-3.6868608,2807902083.0,28045.0,0,1,1,0,1
5404,1100,84,40.4075629,-3.6765457,2807903078.0,28007.0,1,0,1,0,1
5408,4095,195,40.4376779,-3.6808399,2807905013.0,28002.0,4,0,1,0,1
5410,999,80,40.3972944,-3.6670095,2807913197.0,28038.0,1,1,1,0,1
5425,1931,193,40.4517256,-3.5778729,2807921015.0,28042.0,4,0,0,0,1
5429,1936,176,40.4663755,-3.8023385,2807909072.0,28023.0,2,0,0,0,1
5444,2990,136,40.4203622,-3.6944728,2807901073.0,28004.0,0,0,1,0,1
5506,2200,160,40.4426569,-3.6975425,2807907099.0,28003.0,1,2,1,0,1
5518,1700,120,40.4407569,-3.6999425,2807907099.0,28003.0,5,2,0,0,1
5519,3000,160,40.4616418,-3.692981,2807906064.0,28020.0,10,2,1,0,1
5533,2300,182,40.4535345,-3.693275,2807906046.0,28020.0,9,2,1,1,1
5548,1900,125,40.4575775,-3.6886573,2807905070.0,28036.0,1,3,1,0,1
5549,1900,170,40.4318593,-3.6969009,2807907072.0,28010.0,4,2,1,0,1
5579,2500,122,40.4349001,-3.6873301,2807904130.0,28006.0,3,2,1,0,1
5582,630,117,40.4430414,-3.6953095,2807907111.0,28003.0,0,1,1,0,1
5608,2800,190,40.4597905,-3.6928199,2807906062.0,28020.0,1,2,1,0,1
5609,1600,60,40.4313961,-3.6839252,2807904117.0,28001.0,1,1,1,0,1
5610,1600,60,40.4309961,-3.6843252,2807904117.0,28001.0,1,1,1,0,1
5621,3000,140,40.4583418,-3.695881,2807906064.0,28020.0,10,2,1,1,1
5658,3000,160,40.4217941,-3.677901,2807904017.0,28009.0,1,3,1,0,1
5659,3500,195,40.4218145,-3.6783019,2807904017.0,28009.0,1,3,1,0,1
5665,2096,174,40.5090082,-3.6551551,2807916114.0,28050.0,3,0,0,0,1
5679,2530,115,40.3918857,-3.6768021,2807902083.0,28045.0,7,0,1,0,1
5687,3180,159,40.4173928,-3.7013343,2807901119.0,28014.0,12,0,1,0,1
5706,2400,190,40.4544404,-3.6861038,2807905068.0,28036.0,0,2,1,0,1
5736,750,48,40.4431191,-3.6440289,2807915127.0,28027.0,-1,1,1,1,1
5737,495,55,40.4386162,-3.6287106,2807920119.0,28037.0,1,2,1,0,1
5757,2000,160,40.43705,-3.6829628,2807904126.0,28006.0,4,2,1,0,1
5758,650,46,40.4188428,-3.7019092,2807901118.0,28013.0,2,1,1,0,1
5760,895,82,40.4479471,-3.6986228,2807906027.0,28020.0,1,1,1,0,1
5766,2800,176,40.4583794,-3.6934268,2807906062.0,28020.0,0,2,1,0,1
5768,800,70,40.4588649,-3.6965059,2807906059.0,28020.0,1,2,1,0,1
5772,800,60,40.4596358,-3.6950783,2807906059.0,28020.0,1,2,1,0,1
5773,1000,75,40.4864274,-3.666998,2807916106.0,28050.0,0,2,1,0,1
5775,800,60,40.4600007,-3.6942058,2807906059.0,28020.0,1,2,1,0,1
5776,1000,76,40.4864274,-3.666998,2807916106.0,28050.0,0,2,1,0,1
5780,1950,150,40.4730146,-3.8248387,2807909072.0,28023.0,1,0,0,0,1
5782,2292,105,40.3926857,-3.6768021,2807902083.0,28045.0,13,2,1,0,1
5795,1254,132,40.4488838,-3.5793825,2807921015.0,28042.0,0,3,1,0,1
5802,2300,178,40.4572721,-3.6906088,2807906062.0,28020.0,9,2,1,1,1
5804,950,70,40.4387504,-3.6760578,2807904095.0,28028.0,1,1,1,0,1
5809,750,125,40.462933,-3.6469575,2807916034.0,28043.0,3,2,0,0,1
5843,395,55,40.4310324,-3.6492731,2807915040.0,28017.0,1,1,1,0,1
5866,2300,180,40.4582221,-3.6917155,2807906064.0,28020.0,9,2,1,1,1
5868,2800,196,40.4564406,-3.6947613,2807906062.0,28020.0,2,2,1,0,1
5883,2800,196,40.4577794,-3.6947268,2807906062.0,28020.0,1,0,0,0,1
5885,800,50,40.4033541,-3.6752041,2807903015.0,28007.0,0,1,1,0,1
5896,1500,80,40.4348453,-3.6846863,2807904126.0,28006.0,7,2,1,0,1
5899,2992,136,40.4213622,-3.6913728,2807901073.0,28004.0,0,2,1,0,1
5910,2948,134,40.4228622,-3.6921728,2807901073.0,28004.0,0,0,0,0,1
5914,3000,150,40.4316837,-3.6851114,2807904116.0,28006.0,1,0,1,0,1
5926,2300,181,40.4629416,-3.6922241,2807906065.0,28020.0,9,2,1,1,1
5953,6022,120,40.416705,-3.6991344,2807901072.0,28014.0,3,1,1,0,1
5954,1633,60,40.416705,-3.6991344,2807901072.0,28014.0,2,1,1,0,1
5956,1000,94,40.3290744,-3.6978336,2807917106.0,28021.0,1,1,1,1,1
5957,850,60,40.4934365,-3.6109459,2807916124.0,28055.0,0,4,1,1,1
5961,2700,170,40.4244964,-3.6767751,2807904019.0,28009.0,1,0,1,0,1
5962,1800,140,40.4371018,-3.6847655,2807904126.0,28006.0,7,2,1,0,1
5963,1500,194,40.3771089,-3.6948933,2807912108.0,28041.0,2,2,1,0,1
5965,2000,168,40.4190652,-3.6995479,2807901074.0,28004.0,1,1,0,0,1
5967,2300,180,40.4611867,-3.6935124,2807906065.0,28020.0,8,2,1,1,1
6000,690,48,40.4933313,-3.6088854,2807916124.0,28055.0,0,1,1,0,1
6004,1800,115,40.4584571,-3.6876436,2807905069.0,28036.0,1,1,1,0,1
6026,1450,130,40.4641598,-3.6918289,2807906072.0,28046.0,11,2,1,0,1
6035,1600,120,40.4249696,-3.6725847,2807904033.0,28009.0,1,2,0,0,1
6046,3300,180,40.4062275,-3.6747626,2807903017.0,28007.0,0,1,1,0,1
6047,80,107,40.4115455,-3.7292486,2807910024.0,28011.0,0,1,0,0,1
6061,1750,117,40.466745,-3.8015457,2807909072.0,28023.0,2,2,1,1,1
6062,1620,108,40.466245,-3.8016457,2807909072.0,28023.0,0,2,1,1,1
6065,2500,196,40.433999,-3.6756438,2807904100.0,28006.0,1,3,1,0,1
6074,1450,90,40.4510222,-3.700778,2807906037.0,28020.0,1,0,0,0,1
6112,750,66,40.4307985,-3.6493535,2807915040.0,28017.0,0,0,1,0,1
6113,800,66,40.4312985,-3.6484535,2807915040.0,28017.0,0,1,1,0,1
6155,750,35,40.4167166,-3.7050678,2807901123.0,28013.0,2,1,1,0,1
6159,850,35,40.4167166,-3.7050678,2807901123.0,28013.0,3,6,1,0,1
6166,1710,95,40.4481652,-3.704928,2807906033.0,28020.0,5,1,1,0,1
6169,1200,75,40.4315044,-3.692294,2807907081.0,28010.0,-1,1,0,0,1
6175,1000,90,40.4485428,-3.7048948,2807906033.0,28020.0,1,1,0,0,1
6183,3060,170,40.4455652,-3.705028,2807906033.0,28020.0,7,2,1,0,1
6186,1936,176,40.4673755,-3.8018385,2807909072.0,28023.0,2,2,1,0,1
6187,2184,156,40.4357627,-3.6307256,2807920001.0,28037.0,3,6,1,0,1
6210,595,38,40.4586185,-3.6931439,2807906062.0,28020.0,7,0,1,0,1
6227,1450,130,40.4666598,-3.6916289,2807906072.0,28046.0,11,2,1,0,1
6235,2950,163,40.4518915,-3.6889239,2807905004.0,28046.0,10,2,1,0,1
6244,3000,150,40.4613418,-3.695181,2807906064.0,28020.0,10,2,1,1,1
6248,1800,130,40.4239506,-3.6827864,2807904013.0,28001.0,1,1,1,0,1
6267,1000,65,40.4223658,-3.7069668,2807901112.0,28015.0,4,1,0,0,1
6283,1000,94,40.4494739,-3.7052778,2807906033.0,28020.0,1,1,1,0,1
6300,1500,122,40.4465771,-3.702944,2807907117.0,28003.0,1,1,0,0,1
6308,2500,125,40.4283025,-3.6913051,2807907078.0,28010.0,1,0,0,0,1
6318,550,110,40.4380698,-3.7000245,2807907091.0,28010.0,0,1,0,0,1
6320,750,38,40.428111,-3.683285,2807904010.0,28001.0,1,1,1,0,1
6340,1540,110,40.4303433,-3.7167222,2807909022.0,28008.0,0,0,1,0,1
6352,2100,117,40.4284242,-3.6927028,2807907081.0,28010.0,0,2,1,0,1
6353,2000,159,40.4377553,-3.6394544,2807915093.0,28027.0,0,2,0,0,1
6354,2000,130,40.4192385,-3.6754543,2807903051.0,28009.0,1,1,1,0,1
6362,999,65,40.4532152,-3.677529,2807905062.0,28016.0,-1,1,1,0,1
6379,1470,105,40.4303433,-3.7167222,2807909022.0,28008.0,0,0,1,0,1
6390,1836,152,40.37384,-3.6422856,2807918046.0,28031.0,0,0,0,0,1
6392,2750,185,40.4168063,-3.691282,2807903070.0,28014.0,0,3,1,0,1
6412,2000,120,40.4235074,-3.6718707,2807904032.0,28009.0,6,1,1,0,1
6531,1904,136,40.4383331,-3.6815381,2807905001.0,28006.0,4,2,1,0,1
6545,1578,105,40.421346,-3.7066005,2807901115.0,28015.0,3,1,1,0,1
6558,1550,130,40.4222934,-3.7046286,2807901115.0,28013.0,10,2,1,0,1
6571,2700,187,40.4293525,-3.6808447,2807904114.0,28001.0,1,2,1,0,1
6576,2000,160,40.4387521,-3.6811305,2807904126.0,28006.0,4,2,1,0,1
6578,1350,102,40.4338424,-3.6802701,2807904121.0,28006.0,0,0,1,0,1
6591,2000,190,40.4347182,-3.6453021,2807915106.0,28027.0,0,2,1,0,1
6592,1950,138,40.4295989,-3.6907633,2807907081.0,28010.0,0,2,1,1,1
6627,750,50,40.4165619,-3.7009132,2807901119.0,28014.0,2,2,1,0,1
6635,1850,128,40.4162015,-3.6679778,2807903049.0,28009.0,1,2,1,0,1
6650,1950,150,40.4740126,-3.8211717,2807909072.0,28023.0,2,2,1,1,1
6653,850,90,40.4378747,-3.6217785,2807920125.0,28037.0,1,1,1,1,1
6657,700,38,40.4128841,-3.6961101,2807901071.0,28014.0,1,1,1,0,1
6741,800,40,40.4235257,-3.7122877,2807901002.0,28013.0,8,1,1,0,1
6760,2303,120,40.4041417,-3.6899105,2807902067.0,28045.0,0,0,1,1,1
6769,1028,60,40.4041417,-3.6899105,2807902067.0,28045.0,1,0,1,1,1
6770,566,50,40.4041417,-3.6899105,2807902067.0,28045.0,0,0,1,1,1
6773,1800,150,40.3820593,-3.6308422,2807913128.0,28031.0,3,0,1,1,1
6774,2917,120,40.4099034,-3.7229494,2807910013.0,28011.0,0,0,1,0,1
6775,1057,60,40.4099034,-3.7229494,2807910013.0,28011.0,1,0,1,0,1
6776,490,50,40.4099034,-3.7229494,2807910013.0,28011.0,1,0,1,0,1
6779,3031,120,40.4376126,-3.6784957,2807905014.0,28006.0,1,0,1,0,1
6780,1472,60,40.4376126,-3.6784957,2807905014.0,28006.0,0,0,1,0,1
6781,953,50,40.4376126,-3.6784957,2807905014.0,28006.0,1,0,1,0,1
6784,2303,120,40.4384244,-3.696033,2807907094.0,28003.0,1,0,1,0,1
6785,1387,60,40.4384244,-3.696033,2807907094.0,28003.0,0,0,1,0,1
6786,764,50,40.4384244,-3.696033,2807907094.0,28003.0,0,0,1,1,1
6789,3323,120,40.4627184,-3.6889393,2807905070.0,28046.0,0,0,1,0,1
6790,1180,60,40.4627184,-3.6889393,2807905070.0,28046.0,0,0,1,0,1
6791,641,50,40.4627184,-3.6889393,2807905070.0,28046.0,1,0,1,0,1
6793,555,111,40.3670769,-3.7461623,2807911193.0,28044.0,0,2,1,0,1
6795,1100,171,40.3896698,-3.7309292,2807911195.0,28019.0,0,2,1,0,1
6805,3500,155,40.4221856,-3.689959,2807904001.0,28001.0,1,2,1,0,1
6811,550,68,40.3703597,-3.743976,2807911193.0,28054.0,3,0,1,0,1
6817,2587,120,40.4084786,-3.6890277,2807903071.0,28014.0,3,0,1,0,1
6818,1151,60,40.4084786,-3.6890277,2807903071.0,28014.0,2,0,1,0,1
6819,528,50,40.4084786,-3.6890277,2807903071.0,28014.0,3,0,1,0,1
6833,2100,130,40.4438969,-3.6997147,2807907114.0,28003.0,6,0,1,0,1
6849,5571,120,40.451667,-3.691667,2807906029.0,28046.0,0,0,1,0,1
6850,2322,60,40.451667,-3.691667,2807906029.0,28046.0,0,0,1,0,1
6851,3550,120,40.4781919,-3.6874821,2807908098.0,28046.0,18,0,1,0,1
6852,3550,110,40.4781919,-3.6874821,2807908098.0,28046.0,18,0,1,0,1
6853,1435,60,40.4781919,-3.6874821,2807908098.0,28046.0,18,0,1,0,1
6854,858,50,40.4781919,-3.6874821,2807908098.0,28046.0,18,0,1,0,1
6860,3097,120,40.4371844,-3.6885581,2807904130.0,28006.0,1,0,1,0,1
6861,1236,60,40.4371844,-3.6885581,2807904130.0,28006.0,1,0,1,0,1
6862,679,50,40.4371844,-3.6885581,2807904130.0,28006.0,0,0,1,0,1
6864,2800,131,40.4217207,-3.7098665,2807901003.0,28013.0,3,1,1,0,1
6865,4598,120,40.4300574,-3.6831555,2807904114.0,28006.0,5,0,1,0,1
6867,1860,60,40.4300574,-3.6831555,2807904114.0,28006.0,5,0,1,0,1
6870,594,50,40.4300574,-3.6831555,2807904114.0,28006.0,5,0,1,0,1
6874,3097,120,40.437745,-3.6800324,2807905001.0,28006.0,8,0,1,0,1
6875,622,50,40.437745,-3.6800324,2807905001.0,28006.0,8,0,1,0,1
6876,991,60,40.437745,-3.6800324,2807905001.0,28006.0,8,0,1,0,1
6886,1250,125,40.4885361,-3.6924755,2807908111.0,28034.0,0,0,0,0,1
6891,2483,120,40.4859824,-3.6609772,2807916106.0,28050.0,1,0,1,0,1
6892,386,50,40.4859824,-3.6609772,2807916106.0,28050.0,1,0,1,0,1
6894,9358,120,40.4287261,-3.688671,2807904006.0,28046.0,0,0,1,0,1
6895,1860,60,40.4287261,-3.688671,2807904006.0,28046.0,1,0,1,0,1
6896,1028,50,40.4287261,-3.688671,2807904006.0,28046.0,1,0,1,0,1
6897,1388,60,40.4505655,-3.6917622,2807906029.0,28046.0,0,0,1,0,1
6898,899,50,40.4505655,-3.6917622,2807906029.0,28046.0,1,0,1,0,1
6906,821,60,40.4463706,-3.6817333,2807905008.0,28002.0,1,0,1,0,1
6907,443,50,40.4463706,-3.6817333,2807905008.0,28002.0,0,0,1,0,1
6917,3125,120,40.4598677,-3.6906837,2807906064.0,28046.0,5,0,1,0,1
6918,1113,60,40.4598677,-3.6906837,2807906064.0,28046.0,5,0,1,0,1
6919,556,50,40.4598677,-3.6906837,2807906064.0,28046.0,5,0,1,0,1
6921,3097,120,40.4446395,-3.6580859,2807915147.0,28027.0,1,0,1,0,1
6922,991,60,40.4446395,-3.6580859,2807915147.0,28027.0,1,0,1,0,1
6923,622,50,40.4446395,-3.6580859,2807915147.0,28027.0,0,0,1,0,1
6929,3000,165,40.4218145,-3.6783019,2807904017.0,28009.0,1,3,1,0,1
6930,1769,116,40.4371529,-3.6816768,2807904124.0,28006.0,0,0,0,0,1
6933,1983,90,40.4244963,-3.692469,2807901084.0,28004.0,3,2,1,0,1
6939,3500,190,40.4231145,-3.6798019,2807904017.0,28009.0,0,0,1,0,1
6949,1150,115,40.4555388,-3.6858038,2807905068.0,28036.0,0,1,0,0,1
6955,2400,160,40.4416976,-3.6768305,2807905043.0,28002.0,6,2,1,0,1
6957,1985,90,40.4269963,-3.690769,2807901084.0,28004.0,3,0,1,0,1
6994,2500,188,40.4349185,-3.6815032,2807904121.0,28006.0,1,1,1,0,1
7012,3123,183,40.4462559,-3.7856039,2807909088.0,28023.0,0,0,0,0,1
7019,1463,162,40.4515256,-3.5787729,2807921015.0,28042.0,1,0,0,0,1
7031,1400,80,40.4561592,-3.6978666,2807906053.0,28020.0,2,2,1,0,1
7034,2100,130,40.4419341,-3.7006177,2807907108.0,28003.0,6,1,1,1,1
7042,1500,159,40.3588736,-3.687806,2807917097.0,28041.0,1,2,0,0,1
7044,1425,150,40.3851035,-3.6917486,2807902099.0,28045.0,1,1,1,0,1
7071,4095,195,40.4396779,-3.6792399,2807905013.0,28002.0,0,0,0,0,1
7075,1000,55,40.5121541,-3.671595,2807908174.0,28050.0,1,1,1,0,1
7082,4500,165,40.421378,-3.6872397,2807904002.0,28001.0,0,0,0,0,1
7114,950,59,40.430247,-3.6638761,2807904060.0,28028.0,0,1,1,0,1
7127,4500,178,40.415267,-3.6899736,2807903071.0,28014.0,4,4,1,0,1
7137,1400,112,40.4984013,-3.7050273,2807908152.0,28034.0,1,1,0,0,1
7145,4140,138,40.4767085,-3.687918,2807908098.0,28029.0,0,0,0,0,1
7157,2700,190,40.4293705,-3.7186427,2807909024.0,28008.0,4,0,1,0,1
7163,4500,178,40.415167,-3.6907736,2807903071.0,28014.0,4,0,1,0,1
7183,2500,178,40.4158754,-3.7021902,2807901120.0,28013.0,1,2,1,0,1
7227,4000,145,40.4207986,-3.6876747,2807904002.0,28009.0,1,2,1,0,1
7237,3180,159,40.4161928,-3.7012343,2807901119.0,28014.0,12,0,1,0,1
7244,2300,175,40.4279696,-3.7026126,2807901090.0,28004.0,1,3,1,0,1
7245,3204,178,40.4143745,-3.7050131,2807901120.0,28012.0,0,2,1,0,1
7248,280,40,40.4517309,-3.5824556,2807921015.0,28042.0,4,0,1,1,1
7255,2150,120,40.4755225,-3.7415679,2807908007.0,28027.0,0,1,0,1,1
7273,3600,143,40.4156396,-3.7035921,2807901119.0,28013.0,1,0,0,0,1
7290,1400,165,40.3733146,-3.6442322,2807918046.0,28031.0,3,4,1,0,1
7327,3200,188,40.442843,-3.6786155,2807905043.0,28002.0,1,2,1,0,1
7330,1500,75,40.4510348,-3.6870066,2807905005.0,28036.0,0,1,0,0,1
7336,2051,178,40.4927367,-3.6688624,2807916119.0,28050.0,3,2,1,0,1
7337,5292,196,40.4265076,-3.6833366,2807904012.0,28001.0,4,2,1,0,1
7342,3600,143,40.4165897,-3.7031497,2807901124.0,28013.0,1,2,1,0,1
7351,1450,182,40.3738146,-3.6434322,2807918046.0,28031.0,1,2,1,0,1
7383,2700,185,40.4178063,-3.690382,2807903070.0,28014.0,0,2,1,0,1
7387,700,100,40.4620522,-3.6961824,2807906067.0,28020.0,0,8,1,0,1
7438,1250,65,40.4296063,-3.7056951,2807907049.0,28015.0,0,1,1,0,1
7463,1800,150,40.4321679,-3.7146129,2807907001.0,28015.0,0,2,0,0,1
7481,1200,156,40.4312386,-3.6746439,2807904102.0,28006.0,0,1,1,0,1
7489,2858,104,40.3938857,-3.6758027,2807902083.0,28045.0,3,0,1,0,1
7697,1471,154,40.4501256,-3.5791729,2807921015.0,28042.0,6,0,1,0,1
7732,3180,159,40.4197928,-3.6976343,2807901119.0,28014.0,12,0,1,0,1
7739,2184,156,40.4356627,-3.6327256,2807920001.0,28037.0,3,0,0,0,1
7747,4095,195,40.4413779,-3.6807399,2807905013.0,28002.0,1,2,0,0,1
7753,2288,104,40.3923857,-3.6746027,2807902083.0,28045.0,3,0,1,0,1
7755,1994,199,40.4502256,-3.5788729,2807921015.0,28042.0,1,0,0,0,1
7757,2539,115,40.3931857,-3.6751027,2807902083.0,28045.0,7,0,1,0,1
7774,3000,125,40.4294438,-3.694172,2807907078.0,28010.0,1,0,0,0,1
7829,2349,162,40.4470571,-3.6499382,2807915143.0,28027.0,0,0,0,0,1
7844,1695,90,40.464866,-3.593253,2807921029.0,28042.0,1,8,1,0,1
7855,1600,60,40.450767,-3.6914579,2807906029.0,28046.0,2,4,1,0,1
7860,2100,195,40.4286705,-3.7196427,2807909024.0,28008.0,5,2,1,0,1
7880,4095,195,40.4380779,-3.6812399,2807905013.0,28002.0,1,0,1,0,1
7885,600,39,40.4397556,-3.7027785,2807907064.0,28010.0,3,1,1,0,1
7935,2000,135,40.4198576,-3.7039702,2807901124.0,28013.0,5,0,1,0,1
7937,1600,80,40.4864274,-3.666998,2807916106.0,28050.0,0,2,1,0,1
7950,3400,162,40.3944868,-3.6749055,2807902083.0,28045.0,6,0,1,1,1
7951,2530,115,40.3952868,-3.6741055,2807902083.0,28045.0,7,0,1,1,1
7963,700,80,40.4694813,-3.7250708,2807909047.0,28035.0,0,1,0,0,1
7975,1270,150,40.4210421,-3.7077789,2807901115.0,28004.0,1,1,1,0,1
7977,3180,159,40.4166928,-3.6986343,2807901119.0,28014.0,12,1,1,0,1
7982,2080,148,40.432456,-3.6573971,2807915115.0,28027.0,0,0,0,0,1
7986,2184,156,40.4357627,-3.6307256,2807920001.0,28037.0,0,0,0,0,1
7989,948,79,40.4356775,-3.6330002,2807920001.0,28037.0,0,0,0,0,1
8000,1800,150,40.4310679,-3.7149129,2807907001.0,28015.0,0,0,0,0,1
8020,1625,65,40.4376992,-3.6809457,2807905001.0,28006.0,0,0,0,0,1
8028,1500,150,40.4301948,-3.6294391,2807920100.0,28037.0,3,1,1,0,1
8062,1774,165,40.4744627,-3.8274576,2807909072.0,28023.0,0,0,0,0,1
8073,1463,162,40.4505299,-3.5778128,2807921015.0,28042.0,0,0,0,0,1
8074,3180,159,40.4179928,-3.6996343,2807901119.0,28014.0,0,0,0,0,1
8075,2292,104,40.3938868,-3.6758055,2807902083.0,28045.0,0,0,0,0,1
8091,4140,138,40.4782572,-3.6875156,2807908098.0,28029.0,0,0,0,0,1
8092,2948,134,40.4219622,-3.6930728,2807901073.0,28004.0,0,0,0,0,1
8093,4857,194,40.4311233,-3.6999345,2807907057.0,28010.0,0,0,0,0,1
8110,2518,100,40.4545762,-3.694979,2807906050.0,28020.0,0,0,0,0,1
8111,978,102,40.4511694,-3.5777202,2807921015.0,28042.0,0,0,0,0,1
8120,1936,176,40.4673755,-3.8018385,2807909072.0,28023.0,0,0,0,0,1
8125,1520,152,40.4507573,-3.5775545,2807921015.0,28042.0,0,0,0,0,1
8155,508,50,40.4445468,-3.6581273,2807915147.0,28027.0,2,0,1,0,1
8157,4791,191,40.4383914,-3.6846156,2807904130.0,28006.0,7,2,1,0,1
8158,1800,140,40.4435389,-3.7053633,2807907118.0,28003.0,1,0,1,0,1
8182,4095,195,40.4386779,-3.6782399,2807905013.0,28002.0,1,2,1,0,1
8194,700,50,40.4290093,-3.6625557,2807904055.0,28028.0,4,1,1,0,1
8210,1100,110,40.4578074,-3.680815,2807905061.0,28016.0,0,1,1,0,1
8216,2184,156,40.4340627,-3.6310256,2807920001.0,28037.0,3,2,1,0,1
8235,2900,165,40.4498561,-3.682949,2807905007.0,28002.0,0,2,1,1,1
8245,1700,125,40.4403426,-3.6823734,2807905001.0,28006.0,0,2,0,0,1
8255,3200,195,40.443243,-3.6775155,2807905043.0,28002.0,1,0,1,0,1
8257,4095,195,40.4389779,-3.6787399,2807905013.0,28002.0,7,0,1,0,1
8261,2000,130,40.4278255,-3.7206065,2807909024.0,28008.0,0,0,1,0,1
8266,3500,180,40.4281247,-3.6957304,2807901084.0,28004.0,1,0,1,0,1
8270,1100,112,40.4368309,-3.6208717,2807920125.0,28037.0,3,1,1,1,1
8296,600,55,40.4646164,-3.6489179,2807916034.0,28043.0,2,1,1,0,1
8297,4312,196,40.4182333,-3.698801,2807901119.0,28014.0,11,2,0,0,1
8300,2862,159,40.4163333,-3.700901,2807901119.0,28014.0,12,2,0,0,1
8326,950,119,40.437678,-3.630031,2807920119.0,28037.0,3,1,1,0,1
8327,1850,140,40.4167243,-3.7021815,2807901119.0,28013.0,1,0,1,0,1
8340,1600,118,40.4336775,-3.6323423,2807920100.0,28037.0,6,2,1,0,1
8354,5500,192,40.4488018,-3.7046748,2807906023.0,28020.0,10,2,1,0,1
8358,3300,170,40.4255074,-3.6977572,2807901079.0,28004.0,0,2,1,0,1
8376,1925,175,40.4333775,-3.6336423,2807920100.0,28037.0,6,2,1,0,1
8385,1700,125,40.4384426,-3.6803734,2807905001.0,28006.0,0,0,0,0,1
8408,2340,90,40.4360531,-3.6818086,2807904126.0,28006.0,3,2,1,0,1
8409,1400,160,40.4111654,-3.6709783,2807903080.0,28007.0,0,2,1,1,1
8423,2000,148,40.4265566,-3.6690001,2807904034.0,28006.0,0,2,1,1,1
8431,4000,135,40.4228478,-3.6787167,2807904019.0,28009.0,1,2,1,0,1
8433,2900,197,40.4222643,-3.7086683,2807901112.0,28013.0,4,3,1,0,1
8436,3000,179,40.4132601,-3.6897876,2807903070.0,28014.0,0,3,1,0,1
8441,1528,191,40.4353,-3.62036,2807920002.0,28037.0,4,2,1,0,1
8447,4500,160,40.4268261,-3.689871,2807904006.0,28046.0,7,1,1,0,1
8466,2500,150,40.427939,-3.6943232,2807907076.0,28010.0,2,1,1,0,1
8468,2530,115,40.3938868,-3.6758055,2807902083.0,28045.0,7,0,1,0,1
8494,3162,186,40.4059152,-3.6709491,2807903019.0,28007.0,3,0,1,0,1
8528,1750,143,40.4403766,-3.7007641,2807907105.0,28003.0,3,0,1,0,1
8529,1750,143,40.4442766,-3.7034641,2807907105.0,28003.0,5,0,1,0,1
8543,1600,156,40.4401641,-3.6952903,2807907096.0,28003.0,0,2,0,0,1
8572,2415,115,40.3945868,-3.6763055,2807902083.0,28045.0,8,1,1,0,1
8596,2160,80,40.439084,-3.6970275,2807907094.0,28003.0,1,2,1,0,1
8657,2720,170,40.4470018,-3.7048748,2807906023.0,28020.0,7,2,1,0,1
8658,1750,132,40.4541456,-3.6957218,2807906046.0,28020.0,2,1,0,0,1
8662,1650,120,40.4538456,-3.6934218,2807906046.0,28020.0,2,1,1,0,1
8669,2539,115,40.3950868,-3.6747055,2807902083.0,28045.0,7,2,1,0,1
8675,2700,119,40.438542,-3.6861379,2807904130.0,28006.0,8,0,1,0,1
8683,800,88,40.4324268,-3.6301949,2807920119.0,28037.0,1,1,1,0,1
8739,2400,118,40.437042,-3.6872379,2807904130.0,28006.0,3,2,1,0,1
8742,1000,110,40.4395171,-3.6248119,2807920125.0,28022.0,2,1,1,0,1
8744,1500,136,40.4513184,-3.6955671,2807906039.0,28020.0,7,1,1,0,1
8748,1600,196,40.4548102,-3.7104013,2807906010.0,28039.0,0,2,1,0,1
8787,1500,120,40.4170873,-3.7019821,2807901069.0,28012.0,5,2,1,0,1
8790,900,40,40.4595933,-3.6798126,2807905078.0,28016.0,0,1,1,0,1
8800,650,50,40.4061726,-3.6752135,2807903018.0,28007.0,0,1,1,0,1
8824,2200,100,40.435816,-3.6919966,2807907093.0,28010.0,1,0,0,0,1
8830,800,53,40.4605599,-3.6812249,2807905079.0,28016.0,-1,1,1,1,1
8836,1900,125,40.4188066,-3.7080094,2807901117.0,28013.0,3,2,1,0,1
8838,2804,110,40.4476559,-3.6920397,2807906029.0,28046.0,3,4,1,0,1
8839,1472,75,40.4476559,-3.6920397,2807906029.0,28046.0,3,4,1,0,1
8840,1180,60,40.4476559,-3.6920397,2807906029.0,28046.0,3,4,1,0,1
8841,887,60,40.4476559,-3.6920397,2807906029.0,28046.0,3,4,1,0,1
8842,641,50,40.4476559,-3.6920397,2807906029.0,28046.0,3,4,1,0,1
8843,452,50,40.4476559,-3.6920397,2807906029.0,28046.0,3,4,1,0,1
8844,3323,120,40.4476559,-3.6920397,2807906029.0,28046.0,3,4,1,0,1
8855,3144,120,40.4206907,-3.6932088,2807901073.0,28004.0,3,4,1,0,1
8856,1283,60,40.4206907,-3.6932088,2807901073.0,28004.0,3,4,1,0,1
8857,3059,110,40.4206907,-3.6932088,2807901073.0,28004.0,3,4,1,0,1
8858,962,50,40.4206907,-3.6932088,2807901073.0,28004.0,3,4,1,0,1
8860,4791,192,40.4376992,-3.6809457,2807905001.0,28006.0,7,4,1,0,1
8890,959,101,40.4507573,-3.5775545,2807921015.0,28042.0,1,2,1,0,1
8892,2418,115,40.3938868,-3.6758055,2807902083.0,28045.0,6,2,1,0,1
8939,800,80,40.4380822,-3.6252818,2807920119.0,28037.0,1,2,1,0,1
8944,2200,120,40.4094899,-3.6526064,2807914027.0,28030.0,0,2,0,0,1
8953,800,70,40.4060409,-3.6685044,2807903079.0,28007.0,1,1,1,0,1
8960,1650,120,40.4784892,-3.7278406,2807908012.0,28035.0,3,2,1,1,1
8963,1200,122,40.4473771,-3.702044,2807907117.0,28003.0,1,1,1,0,1
9069,1100,118,40.4603339,-3.6963003,2807906066.0,28020.0,5,1,1,0,1
9070,480,60,40.4119608,-3.6982931,2807901065.0,28014.0,1,2,0,0,1
9079,350,48,40.4125608,-3.6988931,2807901065.0,28014.0,1,2,0,0,1
9082,575,40,40.4190715,-3.7038954,2807901117.0,28013.0,2,2,1,0,1
9096,1360,80,40.4380373,-3.6942331,2807907092.0,28003.0,4,7,1,0,1
9097,1710,190,40.4871163,-3.6694381,2807916106.0,28050.0,6,2,1,0,1
9172,1000,65,40.4443901,-3.6985002,2807907114.0,28003.0,0,1,1,0,1
9175,1500,100,40.4563842,-3.6912074,2807906063.0,28020.0,0,1,1,0,1
9257,2200,140,40.4386154,-3.6818665,2807904124.0,28006.0,5,4,1,0,1
9280,800,80,40.438102,-3.6220177,2807920125.0,28037.0,5,1,1,0,1
9502,2700,185,40.439511,-3.712103,2807907125.0,28003.0,8,2,1,0,1
9530,3900,150,40.4154429,-3.6938021,2807903070.0,28014.0,0,2,1,0,1
9536,1800,136,40.4053183,-3.6785371,2807903010.0,28007.0,5,2,1,0,1
9638,550,40,40.4188428,-3.7019092,2807901118.0,28013.0,2,1,1,0,1
9666,2244,102,40.4733065,-3.6743481,2807905101.0,28036.0,3,0,0,0,1
9715,1300,99,40.4399144,-3.6953349,2807907092.0,28003.0,0,1,1,0,1
9738,1300,80,40.4600627,-3.6836701,2807905074.0,28036.0,0,6,0,0,1
9740,850,80,40.4600627,-3.6836701,2807905074.0,28036.0,0,6,0,0,1
9772,2400,150,40.4348224,-3.6909959,2807907082.0,28010.0,0,2,0,0,1
9888,1150,70,40.464866,-3.593253,2807921029.0,28042.0,1,8,1,0,1
9903,650,36,40.4281283,-3.6880964,2807904006.0,28001.0,0,1,1,0,1
9971,570,40,40.485687,-3.7092568,2807908033.0,28034.0,0,1,0,1,1
10125,790,75,40.4885258,-3.6713262,2807916106.0,28050.0,1,1,1,0,1
10286,2075,139,40.466245,-3.8026457,2807909072.0,28023.0,2,2,1,1,1
10308,1200,101,40.471776,-3.6855076,2807905089.0,28046.0,1,2,0,0,1
10398,2700,192,40.4239365,-3.7141657,2807909014.0,28008.0,1,2,1,0,1
10408,1200,80,40.4227257,-3.7085877,2807901002.0,28013.0,8,1,1,0,1
10507,1950,162,40.4219841,-3.6742702,2807904018.0,28009.0,1,2,1,0,1
10513,1450,50,40.464866,-3.593253,2807921029.0,28042.0,1,8,1,0,1
10523,2100,140,40.4289408,-3.7047155,2807907053.0,28010.0,8,2,1,0,1
10541,648,43,40.4884423,-3.6886066,2807908111.0,28034.0,1,1,1,0,1
10583,700,50,40.423138,-3.7066061,2807901113.0,28004.0,4,1,1,0,1
10629,600,80,40.4935275,-3.6885227,2807908126.0,28034.0,0,1,0,0,1
10672,3270,109,40.4293438,-3.692172,2807907078.0,28010.0,1,1,1,0,1
10732,1500,134,40.3787272,-3.6928933,2807912108.0,28041.0,3,2,1,0,1
10733,750,41,40.4574351,-3.6880691,2807905069.0,28036.0,8,1,1,0,1
10761,1000,109,40.4408171,-3.6236119,2807920125.0,28037.0,2,1,1,1,1
10778,1870,178,40.4678755,-3.8006385,2807909072.0,28023.0,2,2,1,0,1
10785,950,110,40.39665,-3.70066,2807902037.0,28045.0,0,1,1,0,1
10824,695,100,40.3378625,-3.7117083,2807917106.0,28021.0,1,2,0,1,1
10834,850,61,40.4396569,-3.6251638,2807920125.0,28037.0,2,2,1,1,1
10890,720,42,40.4286878,-3.6731419,2807904029.0,28006.0,1,1,1,0,1
10911,1000,110,40.4419171,-3.6243119,2807920125.0,28037.0,2,2,1,0,1
10940,550,50,40.4621985,-3.7026029,2807906110.0,28039.0,2,1,0,0,1
10944,3000,190,40.4289705,-3.7205427,2807909024.0,28008.0,4,0,1,0,1
10958,3000,185,40.4144601,-3.6911876,2807903070.0,28014.0,0,2,1,0,1
11014,500,38,40.41658,-3.7087,2807901006.0,28013.0,0,1,1,0,1
11017,800,40,40.4154621,-3.7123732,2807901006.0,28013.0,1,2,0,0,1
11046,1000,70,40.4547069,-3.6790381,2807905062.0,28016.0,1,1,1,0,1
11076,2600,140,40.455661,-3.6907981,2807905068.0,28036.0,0,2,1,1,1
11078,1000,94,40.3340384,-3.6955698,2807917106.0,28021.0,2,1,1,1,1
11086,1400,52,40.4153601,-3.6905876,2807903070.0,28014.0,0,1,1,0,1
11230,1010,101,40.4527576,-3.5772089,2807921015.0,28042.0,2,2,1,0,1
11245,550,40,40.4106679,-3.6983893,2807901049.0,28012.0,-1,1,0,0,1
11248,700,38,40.4157841,-3.6938101,2807901071.0,28014.0,1,1,1,0,1
11252,1000,95,40.3341299,-3.6961994,2807917106.0,28021.0,1,2,1,1,1
11282,1400,100,40.4391707,-3.700165,2807907102.0,28003.0,7,2,1,0,1
11296,1800,120,40.4302547,-3.7168583,2807909022.0,28008.0,1,2,1,0,1
11312,1000,110,40.4412479,-3.6235731,2807920125.0,28037.0,2,3,1,0,1
11348,1390,180,40.4140075,-3.6698793,2807903081.0,28007.0,0,2,0,0,1
11363,1400,100,40.4414974,-3.696994,2807907098.0,28003.0,2,2,1,0,1
11424,1700,102,40.46353,-3.68669,2807905072.0,28036.0,3,1,1,0,1
11442,2000,160,40.4410569,-3.6988425,2807907099.0,28003.0,1,2,0,0,1
11446,1350,90,40.432267,-3.7169768,2807909023.0,28008.0,1,1,1,0,1
11520,550,55,40.3726761,-3.6438693,2807918046.0,28031.0,1,2,1,1,1
11536,1300,186,40.3749146,-3.6435322,2807918046.0,28031.0,2,2,1,0,1
11538,1255,157,40.3740146,-3.6410322,2807918046.0,28031.0,1,2,1,1,1
11542,1000,109,40.4402171,-3.6218119,2807920125.0,28037.0,0,0,0,0,1
11579,1884,157,40.4362728,-3.6324819,2807920001.0,28037.0,3,2,1,0,1
11617,530,33,40.4225259,-3.704813,2807901113.0,28004.0,4,1,1,0,1
11633,700,56,40.4599201,-3.6992883,2807906108.0,28020.0,1,1,1,0,1
11653,600,75,40.3727141,-3.6440874,2807918046.0,28031.0,1,1,1,1,1
11709,600,45,40.3952031,-3.6686702,2807913043.0,28038.0,4,1,1,0,1
11713,3311,100,40.4166812,-3.6991133,2807901072.0,28014.0,1,1,1,0,1
11714,4850,194,40.4328387,-3.701099,2807907057.0,28010.0,6,2,1,0,1
11738,600,80,40.3751403,-3.6384247,2807918046.0,28031.0,1,1,1,0,1
11748,3000,150,40.4629972,-3.6920831,2807906065.0,28020.0,1,0,0,0,1
11792,585,40,40.4204955,-3.7049552,2807901115.0,28004.0,3,2,1,0,1
11826,2500,150,40.434275,-3.6947305,2807907083.0,28010.0,1,2,1,0,1
11843,3000,150,40.4593916,-3.6927978,2807906065.0,28020.0,1,0,1,0,1
11852,1600,110,40.4190682,-3.7099506,2807901003.0,28013.0,0,1,1,0,1
11858,2490,150,40.4362476,-3.689838,2807905002.0,28006.0,0,2,1,0,1
11863,1350,131,40.4308732,-3.7177841,2807909023.0,28008.0,0,2,1,0,1
11873,1025,75,40.465824,-3.6908606,2807906072.0,28020.0,7,2,1,0,1
11884,2992,136,40.4200891,-3.6929642,2807901073.0,28004.0,0,1,1,0,1
11929,1200,123,40.458537,-3.6683003,2807905055.0,28016.0,1,2,1,0,1
11972,500,100,40.4519152,-3.582403,2807921015.0,28042.0,4,0,1,1,1
12014,1150,153,40.4396871,-3.6231276,2807920125.0,28037.0,3,2,1,0,1
12042,750,65,40.4377235,-3.62098,2807920125.0,28037.0,1,2,1,1,1
12057,1575,80,40.422009,-3.6803447,2807904014.0,28001.0,2,1,1,0,1
12154,1567,117,40.4513133,-3.6952916,2807906039.0,28020.0,6,0,1,0,1
12280,850,55,40.4298653,-3.6775156,2807904024.0,28001.0,0,0,1,0,1
12373,1300,89,40.4247398,-3.669357,2807904038.0,28009.0,1,1,1,0,1
12395,655,50,40.4167,-3.69897,2807901072.0,28014.0,2,2,1,0,1
12433,2850,150,40.4464378,-3.6849011,2807905008.0,28002.0,2,2,1,0,1
12434,950,80,40.4041862,-3.6956704,2807902070.0,28045.0,0,0,1,0,1
12451,900,80,40.4866892,-3.6652299,2807916106.0,28050.0,2,2,1,0,1
12490,750,55,40.4163307,-3.7046697,2807901124.0,28013.0,5,0,1,0,1
12491,1300,81,40.4296,-3.6927929,2807907078.0,28010.0,0,1,1,0,1
12496,1600,100,40.4532358,-3.6706069,2807905038.0,28002.0,0,1,0,0,1
12524,825,80,40.4584275,-3.6683266,2807905055.0,28016.0,4,2,1,0,1
12526,1860,60,40.4517338,-3.6915018,2807906029.0,28046.0,0,8,1,0,1
12546,3000,182,40.4149876,-3.6901798,2807903070.0,28014.0,0,2,1,0,1
12568,4598,110,40.4517338,-3.6915018,2807906029.0,28046.0,15,4,1,0,1
12569,594,50,40.4517338,-3.6915018,2807906029.0,28046.0,15,4,1,0,1
12582,978,50,40.4166523,-3.699126,2807901072.0,28014.0,2,1,1,0,1
12583,1967,75,40.4166523,-3.699126,2807901072.0,28014.0,2,1,1,0,1
12584,1200,60,40.4166523,-3.699126,2807901072.0,28014.0,2,1,1,0,1
12662,1950,180,40.4874261,-3.6649584,2807916106.0,28050.0,2,3,1,0,1
12663,650,44,40.4866892,-3.6652299,2807916106.0,28050.0,0,2,1,0,1
12670,1000,120,40.4857674,-3.6653903,2807916106.0,28050.0,6,2,1,0,1
12671,650,66,40.4857674,-3.6653903,2807916106.0,28050.0,1,1,1,0,1
12672,400,35,40.386132,-3.6265415,2807913128.0,28031.0,1,2,1,0,1
12673,4000,180,40.4155145,-3.6892255,2807903071.0,28014.0,4,1,1,0,1
12674,850,90,40.386132,-3.6265415,2807913128.0,28031.0,2,1,1,0,1
12696,825,80,40.4580116,-3.6689475,2807905055.0,28016.0,2,2,1,0,1
12700,900,66,40.4282074,-3.6625476,2807904055.0,28028.0,1,1,1,0,1
12703,2000,130,40.4582843,-3.690274,2807906063.0,28046.0,1,1,1,0,1
12711,1400,120,40.4654629,-3.693907,2807906069.0,28020.0,0,1,0,0,1
12717,1500,136,40.4512859,-3.6952294,2807906039.0,28020.0,1,2,1,0,1
12722,1775,130,40.4322015,-3.6993602,2807907051.0,28004.0,2,2,1,0,1
12723,1250,184,40.4470863,-3.7037538,2807906033.0,28003.0,3,2,1,0,1
12724,825,80,40.4583602,-3.6683683,2807905055.0,28016.0,8,1,1,0,1
12727,1500,136,40.4511484,-3.6952281,2807906039.0,28020.0,2,2,1,0,1
12734,2475,193,40.4221789,-3.7085045,2807901112.0,28015.0,3,2,1,0,1
12736,825,80,40.4583874,-3.6687838,2807905055.0,28016.0,7,2,1,0,1
12737,825,82,40.4583874,-3.6687838,2807905055.0,28016.0,6,2,1,0,1
12742,2000,140,40.4293648,-3.6632761,2807904062.0,28028.0,1,2,1,1,1
12745,2700,185,40.413855,-3.6920101,2807903070.0,28014.0,0,3,1,0,1
12746,1400,112,40.4958186,-3.7068061,2807908152.0,28034.0,1,1,0,1,1
